nestID,bidx,xid,felv,fscale,wse_sA_0020_1218_dep,wse_sA_0100_1218_dep,wse_sA_0200_1218_dep,wse_sA_0500_1218_dep
f0,0,1,0.0,44149.4,0.0,0.0,0.0,0.0
f0,1,3,0.0,6337.9,0.0,0.0,0.0,0.0151
f0,2,20,0.0,10163.2,0.0,0.0,0.0,0.0
f0,3,22,0.0,6972.9,0.0,0.0,0.0,0.0
f0,4,26,0.0,4450.9,0.0,0.0,0.0,0.0
f0,5,29,0.0,3911.7,0.0,0.0,0.0,0.0
f0,6,32,0.0,29837.3,0.0,0.0,0.0,0.0
f0,7,36,0.0,17523.4,0.0,0.0,0.0,0.0
f0,8,42,0.0,14358.0,0.0,0.0,0.0,0.0297
f0,9,44,0.0,2211.0,0.0,0.0,0.0,0.0
f0,10,48,0.0,5833.3,0.0,0.0,0.0,0.0
f0,11,49,0.0,3417.0,0.0,0.0,0.0,0.0
f0,12,61,0.0,3593.2,0.0,0.0,0.0,0.0
f0,13,64,0.0,1993.9,0.0,0.0,0.0,0.0
f0,14,66,0.0,1024.4,0.0,0.0,0.0,0.0
f0,15,68,0.0,11321.7,0.0,0.0,0.0,0.0013
f0,16,70,0.0,4510.1,0.0,0.0,0.0,0.0
f0,17,71,0.0,4681.6,0.0,0.0,0.0,0.0
f0,18,89,0.0,6030.0,0.0,0.0,0.0,0.0
f0,19,104,0.0,2598.6,0.0,0.0,0.0,0.0
f0,20,105,0.0,2062.3,0.0,0.0,0.0,0.0
f0,21,116,0.0,100199.5,0.0,0.0002,0.0003,0.0005
f0,22,117,0.0,200768.7,0.0,0.0,0.0,0.0
f0,23,128,0.0,16973.9,0.0,0.0,0.0,0.0
f0,24,132,0.0,52815.3,0.0,0.0,0.0,0.0
f0,25,142,0.0,2048.9,0.0,0.0,0.0,0.0
f0,26,143,0.0,2531.6,0.0,0.0,0.0,0.0
f0,27,192,0.0,1497.6,0.0,0.0,0.0,0.0
f0,28,193,0.0,4689.5,0.0,0.0,0.0,0.0
f0,29,194,0.0,12524.4,0.0,0.0,0.0,0.0
f0,30,195,0.0,9509.7,0.0,0.0,0.0,0.0
f0,31,196,0.0,1686.6,0.0,0.0,0.0,0.0
f0,32,198,0.0,3994.6,0.0,0.0,0.0,0.0
f0,33,199,0.0,4954.3,0.0,0.0,0.0,0.0
f0,34,200,0.0,2733.5,0.0,0.0,0.0,0.0
f0,35,201,0.0,4157.6,0.0,0.0,0.0,0.0
f0,36,202,0.0,7072.8,0.0,0.0,0.0,0.0
f0,37,204,0.0,8091.9,0.0,0.0,0.0,0.0
f0,38,205,0.0,2354.4,0.0,0.0,0.0,0.0
f0,39,207,0.0,824.2,0.0,0.0005,0.0005,0.0011
f0,40,208,0.0,507.0,0.0,0.0015,0.0066,0.0237
f0,41,209,0.0,2797.2,0.0,0.0,0.0,0.0
f0,42,211,0.0,279.1,0.0,0.0,0.0,0.0
f0,43,212,0.0,1956.1,0.0,0.0,0.0,0.0
f0,44,226,0.0,1173.6,0.0,0.0,0.0,0.0
f0,45,227,0.0,654.9,0.0,0.0,0.0,0.0
f0,46,230,0.0,5221.2,0.0,0.0,0.0,0.0
f0,47,231,0.0,9378.4,0.0,0.0,0.0,0.0
f0,48,232,0.0,1078.5,0.0,0.0,0.0,0.0
f0,49,273,0.0,544.5,0.0,0.0,0.0,0.0
f0,50,277,0.0,3194.9,0.0,0.0009,0.0019,0.0028
f0,51,279,0.0,5495.4,0.0,0.0,0.0001,0.2189
f0,52,280,0.0,1741.2,0.0,0.0,0.0007,0.6978
f0,53,281,0.0,5892.9,0.0,0.0,0.0,0.0
f0,54,283,0.0,11973.5,0.0,0.0,0.0,0.0
f0,55,310,0.0,48318.4,0.0,0.0,0.0,0.0
f0,56,311,0.0,4006.3,0.0,0.0,0.0,0.0
f0,57,312,0.0,4866.2,0.0,0.0,0.0,0.0
f0,58,313,0.0,42949.0,0.0,0.0,0.0,0.0
f0,59,318,0.0,70914.2,0.0,0.0,0.0,0.0
f0,60,320,0.0,57785.1,0.0,0.0,0.0,0.0062
f0,61,321,0.0,4426.9,0.0,0.0,0.0,0.0
f0,62,322,0.0,1955.0,0.0,0.0,0.0,0.0
f0,63,323,0.0,148.3,0.0,0.0,0.0,0.0
f0,64,324,0.0,2072.1,0.0,0.0,0.0,0.0
f0,65,328,0.0,6514.0,0.0,0.0,0.0,0.0
f0,66,329,0.0,1063.4,0.0649,0.0987,0.1044,0.1269
f0,67,332,0.0,178.7,0.0,0.0,0.0,0.0
f0,68,334,0.0,491.8,0.0,0.0,0.0,0.0
f0,69,335,0.0,5415.0,0.0,0.0,0.0,0.0
f0,70,336,0.0,962.4,0.0,0.0,0.0,0.0
f0,71,339,0.0,7495.4,0.0,0.0,0.0,0.0
f0,72,342,0.0,14963.1,0.3301,0.4825,0.5809,0.6126
f0,73,343,0.0,74092.0,0.0,0.1329,0.2644,0.3383
f0,74,345,0.0,2795.0,0.0,0.0,0.0,0.0
f0,75,346,0.0,43162.2,0.0,0.0,0.0,0.0
f0,76,348,0.0,3529.9,0.0,0.0,0.0,0.0
f0,77,349,0.0,6412.7,0.0089,0.044,0.1184,0.2419
f0,78,350,0.0,2068.0,0.1639,0.3003,0.4802,0.6702
f0,79,354,0.0,3058.4,0.9632,0.9956,1.0,1.0
f0,80,356,0.0,27039.0,0.0,0.0088,0.0351,0.1704
f0,81,358,0.0,10710.2,0.016,0.0171,0.0202,0.0244
f0,82,359,0.0,30980.0,0.0,0.0,0.0,0.0
f0,83,360,0.0,63151.1,0.001,0.0012,0.0,0.0031
f0,84,361,0.0,8676.5,0.0,0.0,0.0,0.0
f0,85,363,0.0,8312.8,1.0,1.0,1.0,1.0
f0,86,364,0.0,10143.0,0.4868,0.7299,0.8506,0.9269
f0,87,365,0.0,69368.4,0.0,0.0,0.0,0.0
f0,88,367,0.0,1478.6,0.7994,0.8886,0.9596,0.9718
f0,89,369,0.0,57008.7,0.0,0.0,0.0,0.0
f0,90,370,0.0,73274.3,0.0,0.0,0.0,0.0
f0,91,371,0.0,4390.9,0.0,0.0,0.0,0.0
f0,92,372,0.0,22710.6,0.0,0.0,0.0,0.0
f0,93,374,0.0,10529.3,0.619,0.7915,0.8928,0.9078
f0,94,375,0.0,23160.3,0.0,0.0,0.0,0.0
f0,95,376,0.0,1090.5,0.0,0.0358,0.1265,0.1788
f0,96,378,0.0,10312.1,0.0006,0.0077,0.0,0.0153
f0,97,379,0.0,230336.7,0.486,0.7646,0.882,0.9576
f0,98,380,0.0,309.0,0.0,0.0,0.0,0.0
f0,99,383,0.0,1933.3,0.059,0.0993,0.3119,0.54
f0,100,384,0.0,16676.2,0.0,0.0,0.0,0.0
f0,101,388,0.0,71988.4,0.0,0.0,0.0,0.0
f0,102,390,0.0,73961.3,0.0846,0.1412,0.1954,0.2864
f0,103,391,0.0,7162.2,0.2417,0.5307,0.7238,0.7355
f0,104,393,0.0,899.5,0.0,0.0,0.0,0.0
f0,105,394,0.0,8743.4,0.0,0.0,0.0,0.0
f0,106,395,0.0,30463.5,0.0,0.0,0.0,0.0
f0,107,396,0.0,15173.6,0.0,0.0,0.0,0.0
f0,108,398,0.0,5389.1,0.0,0.0,0.0,0.0
f0,109,400,0.0,803.9,0.0,0.0,0.0,0.0
f0,110,402,0.0,17893.0,0.0,0.0,0.0,0.0
f0,111,404,0.0,7550.5,0.0,0.0,0.0,0.0
f0,112,406,0.0,8649.4,0.0,0.0,0.0,0.0
f0,113,407,0.0,17626.9,0.0,0.0,0.0,0.0
f0,114,408,0.0,1647.3,0.2331,0.4006,0.5409,0.7102
f0,115,409,0.0,4822.8,0.0,0.0,0.0,0.0
f0,116,410,0.0,6914.0,0.0,0.0,0.0,0.0
f0,117,411,0.0,67329.0,0.0,0.0,0.0,0.0
f0,118,417,0.0,8946.3,0.4802,0.7001,0.8336,0.8725
f0,119,418,0.0,13020.3,0.0,0.0,0.0,0.0
f0,120,419,0.0,51148.8,0.0,0.0,0.0038,0.0261
f0,121,420,0.0,14119.9,0.0,0.0,0.0,0.0
f0,122,421,0.0,15552.0,0.7511,0.8302,0.8591,0.8642
f0,123,422,0.0,34705.7,0.0,0.0,0.0,0.0
f0,124,425,0.0,28773.4,0.0122,0.0202,0.0214,0.0218
f0,125,428,0.0,1205.3,0.5326,0.6645,0.8014,0.891
f0,126,430,0.0,44728.8,0.0,0.0,0.0,0.0
f0,127,432,0.0,32401.1,0.0,0.0,0.0,0.0
f0,128,433,0.0,1391.3,0.0,0.0,0.0,0.0
f0,129,434,0.0,1404.1,0.0,0.0,0.0,0.0
f0,130,435,0.0,3686.8,0.0773,0.0985,0.1636,0.3995
f0,131,436,0.0,13060.9,0.7198,0.8988,0.969,0.9982
f0,132,438,0.0,18521.1,0.0277,0.1855,0.4734,0.6526
f0,133,439,0.0,21171.6,0.0,0.0,0.0,0.0
f0,134,440,0.0,154.1,0.0,0.0,0.0,0.0
f0,135,442,0.0,6226.3,0.0,0.0,0.0,0.0
f0,136,444,0.0,143199.9,1.0,1.0,1.0,1.0
f0,137,447,0.0,4209.3,0.997,0.9977,0.9985,0.9985
f0,138,449,0.0,90459.6,0.0,0.0,0.0,0.0
f0,139,450,0.0,3865.9,0.9795,0.9795,0.9795,0.9795
f0,140,452,0.0,48318.5,0.0,0.0,0.0,0.0
f0,141,457,0.0,958.1,0.0,0.0,0.0,0.0
f0,142,466,0.0,55365.0,0.0,0.0,0.0,0.0
f0,143,467,0.0,898.9,0.0,0.0,0.0,0.0
f0,144,469,0.0,12690.3,0.0,0.0,0.0,0.0
f0,145,470,0.0,23786.3,0.0946,0.191,0.357,0.6011
f0,146,472,0.0,0.0,0.0,0.0,0.0,0.0
f0,147,475,0.0,6200.5,0.9683,0.9937,0.9937,0.9937
f0,148,476,0.0,1528.6,0.0,0.0,0.0,0.0
f0,149,478,0.0,58856.6,0.0,0.0014,0.0053,0.018
f0,150,480,0.0,49414.3,0.0,0.0,0.0,0.0
f0,151,482,0.0,40853.1,0.0,0.0,0.0,0.0
f0,152,483,0.0,2737.2,0.0,0.0,0.0,0.0
f0,153,484,0.0,39426.1,0.0,0.0,0.0,0.0
f0,154,485,0.0,51142.3,0.0,0.0,0.0,0.0
f0,155,489,0.0,1220.3,0.9489,0.9686,0.976,0.976
f0,156,491,0.0,333433.4,0.0082,0.0299,0.1007,0.1965
f0,157,492,0.0,16975.9,0.278,0.6009,0.8456,0.9532
f0,158,494,0.0,1644.2,0.686,0.9396,0.9925,0.9925
f0,159,496,0.0,54061.5,0.0,0.0,0.0,0.0
f0,160,500,0.0,62703.1,0.0,0.0,0.0,0.0
f0,161,502,0.0,88680.3,0.0,0.0,0.0,0.0
f0,162,508,0.0,21485.0,0.0018,0.0036,0.0037,0.0037
f0,163,509,0.0,5643.8,0.0,0.0,0.0,0.0
f0,164,511,0.0,61552.8,0.0,0.0,0.0,0.0
f0,165,512,0.0,49995.9,0.0,0.0,0.0,0.0
f0,166,513,0.0,1196.6,0.0,0.0,0.0,0.0
f0,167,516,0.0,1675.2,0.0,0.0,0.0,0.0
f0,168,519,0.0,3409.6,0.608,0.9555,0.9704,0.9828
f0,169,521,0.0,47043.6,0.0,0.0,0.0,0.0
f0,170,522,0.0,0.0,0.0,0.0,0.0,0.0
f0,171,525,0.0,1289.9,0.2233,0.3442,0.5721,0.7116
f0,172,527,0.0,1268.2,0.0,0.0,0.0,0.0
f0,173,528,0.0,1325.0,0.9871,0.9962,0.9962,0.9962
f0,174,530,0.0,1415.6,0.0,0.0,0.0,0.0
f0,175,533,0.0,4524.4,0.9959,0.9986,0.9992,0.9992
f0,176,534,0.0,6964.6,0.037,0.1004,0.2042,0.3291
f0,177,537,0.0,22747.4,0.6333,0.6983,0.7466,0.7763
f0,178,540,0.0,53713.4,0.9436,0.9895,0.9964,0.9964
f0,179,542,0.0,622.1,0.0048,0.0434,0.1591,0.2507
f0,180,545,0.0,0.0,0.0,0.0,0.0,0.0
f0,181,546,0.0,1156.8,0.0,0.0012,0.0156,0.0571
f0,182,547,0.0,4967.1,0.5653,0.7102,0.8093,0.8872
f0,183,548,0.0,2462.1,0.0,0.0,0.0,0.0
f0,184,551,0.0,54399.9,0.0,0.0,0.0,0.0
f0,185,552,0.0,6622.7,0.5304,0.6006,0.6545,0.6948
f0,186,553,0.0,9337.4,0.0,0.0125,0.0835,0.1504
f0,187,554,0.0,17984.4,0.0158,0.0581,0.1453,0.2139
f0,188,555,0.0,0.0,1.0,1.0,1.0,1.0
f0,189,556,0.0,22173.8,0.0,0.0,0.0,0.0
f0,190,559,0.0,19185.0,0.0,0.0,0.0,0.0
f0,191,562,0.0,1159.2,0.0,0.0,0.0,0.0
f0,192,566,0.0,11088.9,0.0,0.0003,0.0003,0.0023
f0,193,568,0.0,27849.8,0.0,0.0,0.0,0.0
f0,194,570,0.0,229.8,0.0,0.0033,0.0914,0.1958
f0,195,571,0.0,1058.7,0.2777,0.5384,0.7566,0.8331
f0,196,572,0.0,12577.0,0.0,0.0,0.0,0.0
f0,197,575,0.0,38489.5,0.0,0.0,0.0,0.0
f0,198,577,0.0,9217.4,0.0,0.0,0.0,0.0
f0,199,580,0.0,888.0,0.5371,0.7331,0.8344,0.929
f0,200,581,0.0,2037.2,0.0029,0.5728,0.7834,0.885
f0,201,583,0.0,8152.5,0.0,0.0,0.0,0.0012
f0,202,585,0.0,44445.5,0.0,0.0,0.0,0.0
f0,203,587,0.0,5064.7,0.0,0.0,0.0,0.0
f0,204,588,0.0,32856.6,0.0,0.0,0.0,0.0
f0,205,589,0.0,15094.7,0.0388,0.0646,0.0801,0.0878
f0,206,591,0.0,1318.6,0.0,0.0,0.0,0.0
f0,207,592,0.0,2724.8,0.5053,0.6617,0.7971,0.8962
f0,208,594,0.0,71849.3,0.0003,0.0003,0.0003,0.0004
f0,209,595,0.0,53380.3,0.0,0.0,0.0037,0.011
f0,210,599,0.0,27459.6,0.0242,0.1107,0.3217,0.6019
f0,211,601,0.0,6567.8,0.0,0.0,0.0036,0.2531
f0,212,606,0.0,73752.3,0.0,0.0,0.0,0.0
f0,213,608,0.0,28438.9,0.0,0.0002,0.0005,0.0006
f0,214,609,0.0,17155.1,0.0,0.0,0.0,0.0
f0,215,611,0.0,34642.0,0.2454,0.3163,0.3681,0.3974
f0,216,613,0.0,1418.8,0.0,0.0,0.0,0.0
f0,217,615,0.0,6051.2,0.0,0.0,0.0,0.0006
f0,218,616,0.0,58976.2,0.0,0.0,0.0106,0.0299
f0,219,618,0.0,9620.4,0.4235,0.6611,0.9002,0.9922
f0,220,619,0.0,21386.9,0.0,0.0,0.0,0.0
f0,221,620,0.0,11155.5,0.0,0.0,0.0,0.0
f0,222,621,0.0,1560.4,0.0,0.0,0.0,0.0
f0,223,623,0.0,28355.9,0.0,0.0,0.0,0.0
f0,224,624,0.0,117663.8,0.0,0.0,0.0,0.0
f0,225,626,0.0,2448.7,0.0,0.0,0.0,0.0
f0,226,629,0.0,8898.3,0.0,0.0,0.0,0.0
f0,227,630,0.0,2482.5,0.3746,0.6803,0.8483,0.9196
f0,228,631,0.0,27060.1,0.0,0.0,0.0,0.0
f0,229,634,0.0,31848.1,0.8923,1.0,1.0,1.0
f0,230,635,0.0,232.7,0.0,0.0,0.0,0.0
f0,231,636,0.0,66406.3,0.0,0.0,0.0,0.0
f0,232,638,0.0,71064.7,0.0,0.0,0.0,0.0
f0,233,640,0.0,1189.1,0.4062,0.5323,0.6357,0.777
f0,234,641,0.0,12916.0,0.0,0.0,0.0,0.0
f0,235,642,0.0,1934.4,0.0,0.0,0.0,0.0
f0,236,645,0.0,1392.6,0.8272,0.8703,0.9198,0.9651
f0,237,647,0.0,1219.7,0.091,0.1599,0.1943,0.2017
f0,238,651,0.0,1486.9,0.0948,0.232,0.3773,0.5145
f0,239,654,0.0,1736.5,0.5234,0.6772,0.71,0.7152
f0,240,657,0.0,22017.3,0.0,0.0,0.0,0.0
f0,241,659,0.0,13467.3,0.0,0.0,0.0,0.0
f0,242,660,0.0,19607.0,1.0,1.0,1.0,1.0
f0,243,661,0.0,50553.7,0.0,0.0,0.0,0.0
f0,244,665,0.0,68451.1,0.0,0.0,0.0,0.0
f0,245,666,0.0,14103.6,0.0,0.0,0.0,0.0
f0,246,667,0.0,21746.7,0.0,0.0,0.0,0.0
f0,247,668,0.0,7181.7,0.117,0.2548,0.4265,0.5739
f0,248,669,0.0,9186.8,0.6492,0.7625,0.8255,0.8696
f0,249,672,0.0,7261.9,0.0,0.0,0.0,0.0
f0,250,673,0.0,4194.8,0.0,0.0,0.0009,0.0021
f0,251,677,0.0,1075.7,0.8757,0.9789,0.9789,0.9817
f0,252,679,0.0,7870.6,0.5054,0.8336,0.9696,0.999
f0,253,680,0.0,1531.9,0.1919,0.2624,0.3231,0.3877
f0,254,681,0.0,38413.0,0.0254,0.0305,0.0315,0.0376
f0,255,682,0.0,2079.5,0.9983,0.9983,0.9983,0.9983
f0,256,684,0.0,52669.0,0.0,0.0,0.0,0.0
f0,257,685,0.0,31335.2,0.013,0.013,0.013,0.013
f0,258,686,0.0,2772.8,0.0,0.0,0.0,0.0
f0,259,690,0.0,10937.4,0.0,0.0,0.0,0.0
f0,260,691,0.0,288062.9,0.3918,0.606,0.7921,0.9534
f0,261,692,0.0,65497.2,0.3285,0.4246,0.5547,0.6338
f0,262,693,0.0,41291.0,0.0,0.0,0.0,0.0
f0,263,694,0.0,3908.8,0.3331,0.6078,0.8135,0.9002
f0,264,695,0.0,133.4,0.6522,0.9896,1.0,1.0
f0,265,697,0.0,51041.0,0.0,0.0,0.0,0.0
f0,266,702,0.0,2097.4,0.0,0.0,0.0,0.0
f0,267,704,0.0,1111.4,0.8529,0.9771,0.9987,1.0
f0,268,705,0.0,2431.8,0.998,0.998,0.998,0.998
f0,269,713,0.0,67371.7,0.0,0.0,0.0,0.0
f0,270,715,0.0,16623.8,0.0,0.0,0.0,0.0
f0,271,716,0.0,55572.0,0.0,0.0,0.0,0.0
f0,272,720,0.0,21714.9,0.0,0.0,0.0,0.0
f0,273,722,0.0,12875.1,0.0,0.0,0.0,0.0
f0,274,723,0.0,31461.7,0.0,0.0,0.0,0.0
f0,275,725,0.0,12024.0,0.0,0.0,0.0,0.0008
f0,276,726,0.0,19646.7,0.0,0.0,0.001,0.014
f0,277,730,0.0,35323.1,0.0,0.0,0.0,0.0
f0,278,734,0.0,1033.0,0.9989,0.9989,0.9989,0.9989
f0,279,735,0.0,8091.8,0.1868,0.3051,0.3526,0.3963
f0,280,736,0.0,8666.4,0.0,0.0,0.0,0.0
f0,281,738,0.0,47655.1,0.0,0.0,0.0,0.0
f0,282,743,0.0,17486.8,0.0,0.0,0.0,0.0
f0,283,745,0.0,56001.6,0.0,0.0,0.0,0.0
f0,284,746,0.0,0.0,0.0,0.0,0.0,0.0
f0,285,748,0.0,41907.1,0.0,0.0,0.0,0.0
f0,286,749,0.0,4397.1,0.4155,0.5894,0.6788,0.7368
f0,287,750,0.0,760.5,0.0,0.0,0.0,0.0
f0,288,754,0.0,6309.1,0.0095,0.0599,0.2049,0.3661
f0,289,756,0.0,11944.9,0.3746,0.6243,0.7064,0.7722
f0,290,759,0.0,200819.3,0.0,0.0024,0.0103,0.0226
f0,291,760,0.0,18667.3,0.0,0.0,0.0,0.0
f0,292,761,0.0,29498.0,0.0,0.0,0.0,0.0
f0,293,763,0.0,55602.0,0.0,0.0,0.0,0.0
f0,294,769,0.0,4564.0,1.0,1.0,1.0,1.0
f0,295,770,0.0,635.4,0.4721,0.5855,0.6893,0.7932
f0,296,771,0.0,1812.0,0.0,0.0,0.0,0.0
f0,297,776,0.0,8769.5,0.0,0.0,0.0,0.0
f0,298,777,0.0,50612.7,0.0,0.0,0.0,0.0
f0,299,780,0.0,72274.3,0.0,0.0,0.0,0.0
f0,300,781,0.0,40744.3,0.0,0.0,0.0,0.0
f0,301,784,0.0,1103.8,0.0,0.0,0.0027,0.0109
f0,302,786,0.0,51711.3,0.0,0.0,0.0,0.0
f0,303,789,0.0,7394.2,0.9822,1.0,1.0,1.0
f0,304,791,0.0,6712.9,0.0,0.0,0.0,0.0
f0,305,793,0.0,953.5,0.0,0.0,0.0,0.0
f0,306,794,0.0,63874.4,0.0,0.0,0.0,0.0
f0,307,795,0.0,14524.9,0.2889,0.494,0.6911,0.8472
f0,308,796,0.0,50417.7,0.0,0.0,0.0,0.0
f0,309,798,0.0,20523.9,0.0,0.0,0.0,0.0
f0,310,799,0.0,8676.4,0.0,0.0,0.0,0.0
f0,311,800,0.0,39101.5,0.0013,0.0025,0.0025,0.003
f0,312,803,0.0,13954.9,0.0,0.0,0.0,0.0
f0,313,806,0.0,9998.7,0.0,0.0,0.0,0.0
f0,314,812,0.0,567.0,0.0,0.0,0.0,0.0
f0,315,813,0.0,290.1,0.0,0.0,0.0,0.0
f0,316,816,0.0,7238.1,0.0,0.0,0.0,0.0
f0,317,819,0.0,160865.9,0.6792,0.9691,0.9951,0.9985
f0,318,822,0.0,62040.3,0.0,0.0,0.0,0.0
f0,319,823,0.0,23102.2,0.0,0.0,0.0,0.0
f0,320,824,0.0,7629.6,0.9142,0.9311,0.948,0.9582
f0,321,825,0.0,2397.5,0.5405,0.6594,0.8046,0.9535
f0,322,826,0.0,4630.9,0.9123,0.9123,0.9488,0.9671
f0,323,828,0.0,3991.3,0.0,0.0,0.0,0.0
f0,324,830,0.0,9830.8,0.0006,0.0092,0.0171,0.0198
f0,325,832,0.0,3045.7,0.0,0.0,0.0,0.0
f0,326,836,0.0,86.4,0.0,0.0,0.2431,0.4168
f0,327,839,0.0,47780.5,0.0,0.0,0.0,0.0
f0,328,843,0.0,4139.7,0.6877,0.7442,0.8334,0.9239
f0,329,847,0.0,61994.7,0.0,0.0,0.0,0.0
f0,330,849,0.0,3165.7,0.9912,0.9912,0.9912,0.9912
f0,331,850,0.0,36630.3,0.0,0.0,0.0,0.0
f0,332,851,0.0,12409.7,0.0,0.0,0.0,0.0
f0,333,858,0.0,40333.3,0.0,0.0,0.0,0.0
f0,334,859,0.0,10915.4,0.0,0.0,0.0,0.0
f0,335,861,0.0,21834.0,0.0,0.0,0.0,0.0
f0,336,866,0.0,4698.7,0.0,0.0,0.0,0.0
f0,337,870,0.0,19335.3,0.0,0.0,0.0,0.0
f0,338,872,0.0,1426.7,0.696,0.7696,0.8768,0.942
f0,339,879,0.0,14236.2,0.0,0.0,0.0033,0.0601
f0,340,880,0.0,3010.1,0.0,0.0,0.0,0.0
f0,341,881,0.0,17285.4,0.9575,0.9946,0.9984,0.9998
f0,342,884,0.0,3475.0,0.0,0.0,0.0,0.0
f0,343,885,0.0,8198.0,0.9638,0.999,0.999,0.999
f0,344,886,0.0,46554.3,0.0,0.0,0.0,0.0
f0,345,887,0.0,44055.0,0.0,0.0,0.0,0.0
f0,346,890,0.0,72643.3,0.0,0.0,0.0,0.0
f0,347,892,0.0,42022.3,0.0,0.0,0.0,0.0
f0,348,893,0.0,8275.4,0.0,0.0,0.0,0.0
f0,349,896,0.0,25174.4,0.0,0.0,0.0,0.0
f0,350,897,0.0,36269.2,0.0,0.0,0.0,0.0
f0,351,898,0.0,66412.9,0.0,0.0,0.0,0.0
f0,352,899,0.0,6200.6,0.2738,0.4412,0.5578,0.6357
f0,353,900,0.0,10763.7,0.001,0.0015,0.0019,0.0051
f0,354,901,0.0,6042.8,0.0,0.0,0.0,0.0
f0,355,904,0.0,20608.1,0.1669,0.5716,0.7614,0.849
f0,356,906,0.0,49077.1,0.0106,0.0329,0.0513,0.0726
f0,357,907,0.0,2866.5,0.9733,0.9942,0.9973,0.9973
f0,358,910,0.0,44215.9,0.0,0.0,0.0,0.0
f0,359,911,0.0,39701.7,0.0,0.0,0.0,0.0
f0,360,912,0.0,6604.4,0.9602,0.992,0.9988,1.0
f0,361,913,0.0,1442.8,0.0,0.0499,0.1331,0.1892
f0,362,914,0.0,2162.3,0.9975,1.0,1.0,1.0
f0,363,916,0.0,2341.2,0.0,0.0,0.0,0.0
f0,364,917,0.0,7238.5,0.041,0.2872,0.6667,0.8411
f0,365,924,0.0,57151.2,0.0,0.0,0.0,0.0
f0,366,925,0.0,31733.5,0.051,0.4506,0.7057,0.8177
f0,367,926,0.0,4401.8,0.7285,0.9207,0.9766,0.9984
f0,368,927,0.0,6275.6,0.0,0.0,0.0,0.0
f0,369,929,0.0,165.9,0.0,0.0,0.0,0.0
f0,370,938,0.0,5342.7,0.0,0.0,0.0,0.0
f0,371,943,0.0,265.1,0.0,0.0,0.0,0.0
f0,372,944,0.0,57166.7,0.0,0.0,0.0,0.0
f0,373,947,0.0,50411.1,0.0,0.0,0.0,0.0
f0,374,948,0.0,5660.1,0.0,0.0,0.0,0.0
f0,375,949,0.0,29796.8,0.0,0.0,0.0,0.0
f0,376,957,0.0,1699.4,0.0,0.0,0.0,0.0
f0,377,962,0.0,13817.2,0.0,0.0,0.0,0.0
f0,378,964,0.0,3228.9,0.0,0.0,0.0,0.0
f0,379,965,0.0,2081.3,0.0231,0.0432,0.1052,0.1542
f0,380,968,0.0,854.1,0.0,0.0,0.0,0.0
f0,381,969,0.0,36496.9,0.1835,0.5036,0.8798,0.9826
f0,382,970,0.0,229.3,0.0,0.0,0.1439,0.3271
f0,383,974,0.0,34796.6,0.0,0.0,0.0,0.0
f0,384,975,0.0,4359.3,0.0,0.0,0.0,0.0
f0,385,976,0.0,2334.5,0.0463,0.1812,0.2853,0.3919
f0,386,978,0.0,633.5,0.6724,0.7103,0.7245,0.7481
f0,387,979,0.0,3676.0,0.8773,0.9181,0.945,0.9622
f0,388,980,0.0,33294.2,0.5435,0.7889,0.9159,0.9644
f0,389,983,0.0,28910.9,0.0,0.0,0.0,0.0
f0,390,984,0.0,688.9,0.5138,0.7316,0.8404,0.884
f0,391,985,0.0,0.0,0.0,0.0,0.0,0.0
f0,392,986,0.0,8043.2,0.0,0.0,0.0,0.0
f0,393,987,0.0,48831.3,0.1009,0.2232,0.339,0.3593
f0,394,988,0.0,3384.5,0.3058,0.3998,0.4529,0.5061
f0,395,989,0.0,2937.1,0.0,0.0,0.0,0.0
f0,396,990,0.0,188.7,0.0,0.0,0.0,0.0
f0,397,991,0.0,445.7,0.0,0.0,0.0,0.0
f0,398,992,0.0,573.0,0.0,0.0,0.0,0.0
f0,399,993,0.0,19684.4,0.0,0.0,0.0,0.0
f0,400,998,0.0,674.3,0.0,0.1735,0.9833,1.0
f0,401,999,0.0,18455.5,0.0,0.074,0.1965,0.3149
f0,402,1000,0.0,12396.7,0.0,0.0,0.0,0.0064
f0,403,1001,0.0,13465.5,0.0,0.0,0.0,0.0
f0,404,1002,0.0,3474.1,0.0,0.0,0.0,0.0
f0,405,1003,0.0,45618.2,0.0,0.0,0.0,0.0
f0,406,1005,0.0,10968.3,0.0,0.0,0.0,0.0
f0,407,1006,0.0,960.2,0.0,0.0,0.0,0.0
f0,408,1020,0.0,16035.6,0.0,0.0,0.0,0.0
f0,409,1021,0.0,8087.4,0.0,0.0,0.0,0.0
f0,410,1022,0.0,8322.0,0.0,0.0,0.0,0.0
f0,411,1027,0.0,598.1,0.0,0.0,0.0,0.0
f0,412,1028,0.0,1557.0,0.0,0.0,0.0,0.0
f0,413,1036,0.0,9200.1,0.0,0.0,0.0,0.0
f0,414,1038,0.0,12737.5,0.0,0.0,0.0,0.0
f0,415,1040,0.0,9094.5,0.0,0.0,0.0,0.0
f0,416,1041,0.0,7057.8,0.0,0.0112,0.028,0.0448
f0,417,1042,0.0,7863.1,0.0,0.0,0.0,0.0
f0,418,1043,0.0,4716.2,0.0,0.0,0.0,0.0
f0,419,1044,0.0,1805.0,0.0,0.0,0.0,0.0
f0,420,1045,0.0,1116.0,0.0,0.0,0.0,0.0
f0,421,1093,0.0,16803.9,0.0,0.0,0.0,0.0
f0,422,1137,0.0,2568.3,0.0,0.0,0.0,0.0
f0,423,1139,0.0,1715.3,0.0048,0.0461,0.0691,0.1151
f0,424,1140,0.0,2632.8,0.12,0.225,0.2701,0.3001
f0,425,1141,0.0,10355.9,0.0839,0.2098,0.267,0.3318
f0,426,1142,0.0,757.0,0.0,0.0,0.0,0.0
f0,427,1143,0.0,6084.5,0.0519,0.1883,0.2532,0.3506
f0,428,1187,0.0,2939.8,0.0,0.0,0.0,0.0
f0,429,1190,0.0,20914.5,0.0,0.0,0.0,0.0
f0,430,1191,0.0,7113.8,0.0,0.0,0.0,0.0
f0,431,1192,0.0,11555.3,0.0,0.0,0.0,0.0
f0,432,1193,0.0,7478.9,0.0,0.0,0.0,0.0
f0,433,1194,0.0,8887.8,0.0,0.0,0.0,0.0
f0,434,1195,0.0,1130.1,0.0,0.0,0.0,0.0
f0,435,1196,0.0,12127.0,0.0,0.0,0.0,0.0
f0,436,1222,0.0,23069.6,0.0,0.0,0.0,0.0
f0,437,1223,0.0,7011.6,0.0,0.0,0.0,0.0
f0,438,1224,0.0,10878.5,0.0,0.0,0.0,0.0
f0,439,1225,0.0,2443.0,0.0,0.0,0.0,0.0
f0,440,1226,0.0,33373.4,0.0,0.0,0.0,0.0
f0,441,1227,0.0,6964.6,0.0,0.0,0.0,0.0
f0,442,1228,0.0,2293.8,0.0,0.0,0.0,0.0
f0,443,1230,0.0,8035.7,0.0,0.0,0.0,0.0
f0,444,1231,0.0,19898.6,0.0,0.0,0.0,0.0
f0,445,1240,0.0,20626.7,0.0,0.0,0.0,0.0
f0,446,1249,0.0,15848.2,0.0044,0.015,0.0474,0.0723
f0,447,1250,0.0,934.7,0.0,0.0,0.0,0.0
f0,448,1251,0.0,2630.8,0.0,0.0,0.0,0.0
f0,449,1254,0.0,7686.5,0.0,0.0,0.0,0.0
f0,450,1255,0.0,9906.1,0.0,0.0,0.0,0.0
f0,451,1257,0.0,1537.5,0.0,0.0,0.0,0.0
f0,452,1258,0.0,7408.5,0.0,0.0,0.0,0.0
f0,453,1259,0.0,3222.9,0.0,0.0,0.0,0.0
f0,454,1273,0.0,4253.5,0.0,0.0,0.0,0.0
f0,455,1277,0.0,6129.8,0.0,0.0,0.0,0.0
f0,456,1279,0.0,3144.0,0.0,0.0,0.0,0.0
f0,457,1280,0.0,3859.2,0.0,0.0,0.0,0.0
f0,458,1281,0.0,1394.7,0.0,0.0,0.0,0.0
f0,459,1282,0.0,9425.7,0.0,0.0,0.0,0.0
f0,460,1286,0.0,408.8,0.0,0.0,0.0,0.0
f0,461,1287,0.0,2274.0,0.0,0.0,0.0,0.0
f0,462,1289,0.0,1448.8,0.0,0.0,0.0,0.0
f0,463,1296,0.0,1996.2,0.0,0.0,0.0,0.0
f0,464,1300,0.0,60350.5,0.0,0.0,0.0,0.0
f0,465,1304,0.0,14360.3,0.0,0.0,0.0,0.0
f0,466,1305,0.0,9858.8,0.0,0.0,0.0,0.0
f0,467,1309,0.0,7160.3,0.0,0.0,0.0,0.0
f0,468,1310,0.0,82509.7,0.0,0.0,0.0,0.0
f0,469,1311,0.0,549.9,0.0,0.0,0.0,0.0
f0,470,1313,0.0,966.5,0.0,0.0,0.0,0.0
f0,471,1316,0.0,6965.3,0.0,0.0,0.0,0.0
f0,472,1318,0.0,16658.2,0.0,0.0,0.0,0.0
f0,473,1319,0.0,1321.8,0.0,0.0,0.0,0.0
f0,474,1320,0.0,31493.7,0.0,0.0,0.0,0.0
f0,475,1322,0.0,3504.4,0.0,0.0,0.0,0.0
f0,476,1323,0.0,7773.4,0.0,0.0,0.0,0.0
f0,477,1324,0.0,4654.8,0.0,0.0,0.0,0.0
f0,478,1325,0.0,748.1,0.0,0.0,0.0,0.0
f0,479,1326,0.0,40808.0,0.0,0.0,0.0,0.0
f0,480,1328,0.0,4351.1,0.0,0.0,0.0,0.0
f0,481,1330,0.0,6282.9,0.0,0.0,0.0,0.0
f0,482,1333,0.0,23447.1,0.0,0.0,0.0,0.0
f0,483,1335,0.0,17483.1,0.0,0.0,0.0,0.0
f0,484,1339,0.0,19494.6,0.0,0.0,0.0,0.0
f0,485,1340,0.0,39547.5,0.0,0.0,0.0,0.0
f0,486,1341,0.0,9895.4,0.0,0.0,0.0,0.0
f0,487,1345,0.0,603.8,0.0,0.0,0.0,0.0
f0,488,1346,0.0,6180.7,0.0,0.0,0.0039,0.0601
f0,489,1347,0.0,2223.7,0.6884,1.0,1.0,1.0
f0,490,1348,0.0,22177.1,0.0025,0.0265,0.0513,0.0849
f0,491,1349,0.0,37607.1,0.0,0.0,0.0003,0.0006
f0,492,1350,0.0,5067.0,0.0,0.0,0.0,0.0
f0,493,1351,0.0,4972.7,0.0,0.0,0.0,0.0
f0,494,1352,0.0,661.1,0.0,0.0,0.0,0.0
f0,495,1353,0.0,2868.3,0.0,0.0,0.0,0.0
f0,496,1354,0.0,17086.6,0.0,0.0,0.0,0.0
f0,497,1355,0.0,1007.6,0.0,0.0,0.0,0.0
f0,498,1356,0.0,17670.4,0.0,0.0,0.0,0.0011
f0,499,1357,0.0,2021.8,0.0,0.0,0.0,0.0
f0,500,1358,0.0,4313.6,0.0631,0.0861,0.1147,0.1492
f0,501,1359,0.0,5978.4,0.0,0.0,0.0,0.0
f0,502,1360,0.0,3925.8,0.1387,0.2711,0.2963,0.2963
f0,503,1361,0.0,16415.4,0.0072,0.018,0.0216,0.0323
f0,504,1366,0.0,10410.5,0.0143,0.0285,0.0428,0.0499
f0,505,1367,0.0,18144.8,0.0,0.0,0.0,0.0
f0,506,1368,0.0,8613.6,0.0,0.0,0.0,0.0
f0,507,1369,0.0,3009.2,0.0,0.0,0.0,0.0
f0,508,1370,0.0,1470.1,0.0,0.0,0.0,0.0
f0,509,1371,0.0,2927.2,0.0,0.0,0.0,0.0
f0,510,1373,0.0,8051.3,0.0,0.0,0.0,0.0
f0,511,1374,0.0,6956.8,0.0,0.0,0.0,0.0
f0,512,1375,0.0,5869.5,0.0,0.0,0.0,0.0
f0,513,1376,0.0,17821.7,0.0,0.0,0.0,0.0
f0,514,1377,0.0,36068.9,0.0,0.0,0.0,0.0
f0,515,1380,0.0,2916.6,0.0271,0.1625,0.2438,0.3115
f0,516,1381,0.0,10483.7,0.4559,0.6141,0.6668,0.7045
f0,517,1382,0.0,14058.9,0.6068,0.7473,0.7895,0.7923
f0,518,1383,0.0,7542.7,0.0,0.0,0.0,0.0
f0,519,1384,0.0,1969.8,0.6156,0.8921,0.9298,0.9674
f0,520,1385,0.0,4873.6,0.0,0.0,0.0011,0.0095
f0,521,1386,0.0,2978.1,0.0,0.0,0.0,0.0
f0,522,1387,0.0,6942.7,0.0,0.0,0.0002,0.0044
f0,523,1388,0.0,2874.8,0.0,0.0,0.0,0.0
f0,524,1389,0.0,3014.7,0.7992,0.9695,0.9826,0.9826
f0,525,1390,0.0,967.0,0.121,0.2017,0.242,0.2823
f0,526,1391,0.0,1215.2,0.0,0.0,0.0,0.0
f0,527,1392,0.0,11477.6,0.0,0.0,0.0,0.0
f0,528,1393,0.0,12159.7,0.0,0.0,0.0,0.0
f0,529,1394,0.0,15333.1,0.0,0.0,0.0,0.0
f0,530,1395,0.0,2576.1,0.0,0.0,0.0,0.0
f0,531,1396,0.0,5353.7,0.0146,0.0219,0.0437,0.051
f0,532,1397,0.0,3912.2,0.0,0.0,0.0,0.0
f0,533,1398,0.0,2803.7,0.0,0.0,0.0,0.0
f0,534,1399,0.0,35691.9,0.0116,0.0264,0.0397,0.0446
f0,535,1400,0.0,1435.9,0.4575,0.5536,0.6205,0.6435
f0,536,1443,0.0,1777.6,0.0,0.0,0.0,0.0
f0,537,1446,0.0,4137.6,0.0,0.0,0.0072,0.0076
f0,538,1447,0.0,78524.1,0.0,0.0,0.0,0.0
f0,539,1448,0.0,17361.9,0.8122,0.8258,0.844,0.8508
f0,540,1450,0.0,2142.1,0.0,0.0,0.0,0.0
f0,541,1452,0.0,5636.8,0.0,0.0002,0.021,0.035
f0,542,1453,0.0,10992.5,0.9437,0.9614,0.9614,0.9614
f0,543,1454,0.0,3322.5,0.4225,0.4578,0.493,0.5282
f0,544,1455,0.0,7045.8,0.0,0.0,0.0,0.0
f0,545,1456,0.0,3511.0,0.2185,0.437,0.5146,0.5639
f0,546,1458,0.0,2609.9,0.1422,0.2086,0.275,0.294
f0,547,1459,0.0,33048.0,0.0015,0.0018,0.0024,0.0035
f0,548,1461,0.0,4277.9,0.0,0.0,0.0,0.0
f0,549,1463,0.0,9522.6,0.0,0.0,0.0,0.0
f0,550,1464,0.0,3236.5,0.0,0.0,0.0,0.0
f0,551,1465,0.0,5397.6,0.0,0.0,0.0,0.0
f0,552,1470,0.0,26079.7,0.0,0.0,0.0,0.0
f0,553,1476,0.0,9185.4,0.0,0.0,0.0,0.0
f0,554,1529,0.0,5309.3,0.0,0.0,0.0,0.0
f0,555,1537,0.0,6899.6,0.0,0.0,0.0,0.0
f0,556,1538,0.0,1399.5,0.0965,0.2508,0.5616,0.6109
f0,557,1539,0.0,30152.9,0.0,0.0,0.0,0.0026
f0,558,1542,0.0,2070.4,0.0,0.0735,0.2941,0.4412
f0,559,1543,0.0,10422.2,0.0292,0.0876,0.2191,0.2873
f0,560,1552,0.0,4581.4,0.0,0.0,0.0,0.0
f0,561,1553,0.0,2642.8,0.0,0.0,0.0,0.0
f0,562,1554,0.0,28904.9,0.0,0.0,0.0,0.0
f0,563,1557,0.0,7312.5,0.0,0.0,0.0,0.0
f0,564,1558,0.0,5021.0,0.0,0.0,0.0,0.0
f0,565,1559,0.0,14768.8,0.0,0.0,0.0,0.0
f0,566,1560,0.0,0.0,0.0,0.0,0.0,0.0
f0,567,1561,0.0,5200.5,0.0,0.0,0.0,0.0028
f0,568,1562,0.0,14075.3,0.0,0.0,0.0,0.0
f0,569,1563,0.0,343.6,0.0,0.0,0.0,0.0
f0,570,1564,0.0,2484.6,0.0,0.0,0.0,0.0
f0,571,1565,0.0,977.4,0.0,0.0,0.0,0.0
f0,572,1566,0.0,1696.4,0.4889,0.5355,0.5355,0.5355
f0,573,1568,0.0,6001.2,0.0,0.0,0.0,0.0
f0,574,1569,0.0,8927.0,0.0,0.0,0.0,0.0
f0,575,1570,0.0,4113.9,0.0192,0.0288,0.0384,0.048
f0,576,1571,0.0,7967.4,0.9022,0.9667,0.9766,0.9816
f0,577,1572,0.0,8761.4,0.0,0.0,0.0,0.0
f0,578,1574,0.0,3767.1,0.0,0.0,0.0,0.0
f0,579,1575,0.0,36765.3,0.0,0.0,0.0,0.0
f0,580,1577,0.0,8922.5,0.0,0.0,0.0,0.0
f0,581,1580,0.0,8702.8,0.0,0.0,0.0,0.0
f0,582,1581,0.0,5287.4,0.0002,0.0002,0.0281,0.0421
f0,583,1582,0.0,13043.4,0.0,0.006,0.0239,0.0508
f0,584,1583,0.0,7756.4,0.056,0.1579,0.3514,0.4889
f0,585,1584,0.0,3592.0,0.7346,0.8759,0.9324,0.9324
f0,586,1585,0.0,25131.1,0.0,0.0,0.0,0.0
f0,587,1586,0.0,518.6,0.0,0.0,0.0,0.0
f0,588,1587,0.0,3102.2,0.0,0.0,0.0,0.0
f0,589,1588,0.0,3605.0,0.0985,0.1408,0.1971,0.1971
f0,590,1589,0.0,12203.1,0.0623,0.09,0.1246,0.1523
f0,591,1590,0.0,4310.7,0.0023,0.0882,0.1372,0.2254
f0,592,1591,0.0,4083.1,0.0287,0.1146,0.1624,0.2101
f0,593,1596,0.0,3772.7,0.0313,0.3597,0.8132,1.0
f0,594,1597,0.0,1822.4,0.0,0.6069,1.0,1.0
f0,595,1598,0.0,1617.1,0.0007,0.3979,0.9947,0.9947
f0,596,1599,0.0,657.2,0.0077,0.5409,0.9015,0.9616
f0,597,1600,0.0,1552.3,0.1011,0.7079,0.9608,0.9608
f0,598,1601,0.0,628.6,0.999,0.999,0.999,0.999
f0,599,1602,0.0,2472.8,0.0,0.0,0.0,0.0
f0,600,1604,0.0,2579.5,0.0,0.0,0.0,0.0
f0,601,1605,0.0,2028.3,0.0,0.0,0.0,0.0
f0,602,1608,0.0,6162.7,0.0,0.0,0.0,0.0
f0,603,1615,0.0,3061.4,0.0,0.0,0.0,0.0
f0,604,1616,0.0,3761.7,0.0,0.0,0.0,0.0
f0,605,1617,0.0,4196.2,0.0,0.0,0.0,0.0
f0,606,1618,0.0,4490.1,0.0,0.0,0.0,0.0
f0,607,1619,0.0,917.9,0.0,0.0,0.0,0.0
f0,608,1620,0.0,669.5,0.0,0.0,0.0,0.0
f0,609,1621,0.0,7540.7,0.0,0.0,0.0,0.0
f0,610,1631,0.0,4973.9,0.0164,0.2292,0.4966,0.8021
f0,611,1632,0.0,4918.6,0.1686,0.3533,0.6264,0.9074
f0,612,1633,0.0,18658.8,0.0889,0.2328,0.5313,0.7599
f0,613,1634,0.0,2025.9,0.0029,0.0366,0.1955,0.2932
f0,614,1635,0.0,25589.7,0.2192,0.3735,0.5032,0.6313
f0,615,1636,0.0,11017.2,0.5274,0.8141,0.9132,0.9628
f0,616,1637,0.0,3287.9,0.0,0.0133,0.0309,0.0309
f0,617,1638,0.0,4194.0,0.1003,0.2714,0.3777,0.4544
f0,618,1639,0.0,23900.0,0.0679,0.2272,0.3376,0.4332
f0,619,1640,0.0,5667.2,0.0269,0.2597,0.4746,0.6537
f0,620,1641,0.0,10649.5,0.0163,0.1813,0.4253,0.5508
f0,621,1642,0.0,5170.5,0.0,0.0,0.0,0.0
f0,622,1643,0.0,16336.3,0.0,0.0,0.0,0.0
f0,623,1644,0.0,6713.3,0.0,0.0,0.0,0.0
f0,624,1646,0.0,4293.0,0.0,0.0,0.0,0.0
f0,625,1647,0.0,5670.4,0.0,0.0,0.0,0.0
f0,626,1648,0.0,2893.0,0.0,0.0,0.0,0.0
f0,627,1688,0.0,6917.8,0.0,0.0,0.0,0.0
f0,628,1689,0.0,5626.1,0.0,0.0,0.0,0.0
f0,629,1690,0.0,7026.8,0.0,0.0,0.0,0.0
f0,630,1692,0.0,1072.4,0.0,0.0,0.0,0.0
f0,631,1726,0.0,40637.7,0.0,0.0,0.0,0.0
f0,632,1727,0.0,9712.6,0.0,0.0,0.0,0.0
f0,633,1728,0.0,84070.7,0.0,0.0,0.0,0.0
f0,634,1731,0.0,6542.6,0.0,0.0,0.0,0.0
f0,635,1734,0.0,88257.9,0.1778,0.371,0.5254,0.6197
f0,636,1735,0.0,15137.4,0.0103,0.0438,0.0721,0.0876
f0,637,1736,0.0,4995.9,0.0,0.0,0.0,0.0
f0,638,1737,0.0,3489.7,0.0,0.0029,0.0671,0.38
f0,639,1738,0.0,13895.6,0.0017,0.0059,0.0073,0.0219
f0,640,1739,0.0,15181.1,0.0,0.0,0.0,0.0
f0,641,1740,0.0,7596.3,0.0,0.0,0.0,0.0
f0,642,1741,0.0,3899.9,0.0,0.0034,0.039,0.0521
f0,643,1742,0.0,983.8,0.0,0.0099,0.4025,0.6541
f0,644,1743,0.0,5902.3,0.2642,0.4864,0.6751,0.8135
f0,645,1744,0.0,18655.3,0.0,0.0,0.0,0.0
f0,646,1745,0.0,812.3,0.0,0.0,0.0,0.0
f0,647,1746,0.0,2552.2,0.0116,0.0149,0.031,0.0619
f0,648,1747,0.0,2477.6,0.0,0.0,0.0,0.0
f0,649,1748,0.0,2611.7,0.0,0.0,0.0,0.0
f0,650,1749,0.0,1076.4,0.0,0.0,0.0,0.0
f0,651,1750,0.0,7067.2,0.0,0.0,0.0,0.0
f0,652,1751,0.0,6094.4,0.0,0.0,0.0,0.0
f0,653,1752,0.0,1116.5,0.0,0.0,0.0,0.0
f0,654,1753,0.0,13270.5,0.0,0.0,0.0,0.0
f0,655,1754,0.0,8199.6,0.0,0.0,0.0,0.0
f0,656,1755,0.0,8424.4,0.0,0.0,0.0,0.0
f0,657,1756,0.0,4264.6,0.0,0.0,0.0,0.0
f0,658,1757,0.0,2092.3,0.0,0.0,0.0,0.0
f0,659,1767,0.0,3569.0,0.0,0.0,0.0,0.0
f0,660,1769,0.0,12350.1,0.0,0.0,0.0,0.0
f0,661,1770,0.0,5110.2,0.0,0.0,0.0,0.0
f0,662,1771,0.0,4652.0,0.0,0.0,0.0,0.0
f0,663,1772,0.0,0.0,0.0,0.0,0.0,0.0
f0,664,1773,0.0,5321.6,0.0,0.0,0.0,0.0
f0,665,1789,0.0,14345.1,0.0672,0.2087,0.2901,0.3219
f0,666,1790,0.0,13246.9,0.0,0.0,0.0,0.0
f0,667,1791,0.0,4653.4,0.0,0.0,0.0,0.0
f0,668,1794,0.0,2778.4,0.0,0.0,0.0,0.0
f0,669,1795,0.0,13843.7,0.0,0.0,0.0,0.0
f0,670,1796,0.0,5164.1,0.0,0.0,0.0,0.0
f0,671,1840,0.0,6232.4,0.0,0.0,0.0,0.0
f0,672,1841,0.0,10858.0,0.0,0.0,0.0,0.0
f0,673,1842,0.0,2424.1,0.0,0.0,0.0,0.0
f0,674,1843,0.0,2051.0,0.0,0.0,0.0,0.0
f0,675,1847,0.0,857.1,0.0,0.0,0.0,0.0
f0,676,1848,0.0,2391.2,0.0,0.0,0.0,0.0
f0,677,1849,0.0,1758.8,0.0,0.0,0.0,0.0
f0,678,1850,0.0,3731.7,0.0,0.0,0.0,0.0
f0,679,1851,0.0,4661.2,0.0,0.0,0.0,0.0
f0,680,1855,0.0,3389.6,0.0,0.0,0.0,0.0
f0,681,1861,0.0,1718.7,0.0,0.0,0.0,0.0
f0,682,1862,0.0,4761.2,0.0,0.0,0.0,0.0
f0,683,1863,0.0,4611.4,0.0,0.0,0.0,0.0
f0,684,1864,0.0,820.6,0.0,0.0,0.0,0.0
f0,685,1865,0.0,1917.4,0.0,0.0,0.0,0.0
f0,686,1867,0.0,980.5,0.0,0.0,0.0,0.0
f0,687,1868,0.0,910.9,0.0,0.0,0.0,0.0
f0,688,1869,0.0,1279.3,0.0,0.0,0.0,0.0
f0,689,1888,0.0,20192.0,0.0,0.0,0.0,0.0
f0,690,1891,0.0,10758.4,0.0,0.0,0.0,0.0
f0,691,1893,0.0,604.9,0.0,0.0,0.0,0.0
f0,692,1894,0.0,8766.9,0.0,0.0,0.0,0.0
f0,693,1895,0.0,3571.3,0.0,0.0,0.0,0.0
f0,694,1896,0.0,1826.3,0.0,0.0,0.0,0.0
f0,695,1897,0.0,690.5,0.0,0.0,0.0,0.0
f0,696,1898,0.0,232.6,0.1312,1.0,1.0,1.0
f0,697,1899,0.0,2693.6,0.8545,1.0,1.0,1.0
f0,698,1900,0.0,4721.8,1.0,1.0,1.0,1.0
f0,699,1907,0.0,956.8,0.0,0.0,0.0,0.0
f0,700,1909,0.0,6433.5,0.0,0.0,0.0,0.0
f0,701,1911,0.0,7653.2,0.0,0.0,0.0,0.0
f0,702,1912,0.0,581.5,0.0,0.0,0.0,0.0
f0,703,1913,0.0,2173.5,0.0,0.0,0.0,0.0
f0,704,1914,0.0,4383.1,0.0,0.0,0.0,0.0
f0,705,1915,0.0,2985.2,0.0,0.0,0.0,0.0
f0,706,1917,0.0,1907.6,0.9404,1.0,1.0,1.0
f0,707,1922,0.0,1652.4,1.0,1.0,1.0,1.0
f0,708,1924,0.0,15167.0,0.0,0.0,0.0,0.0
f0,709,1925,0.0,6839.3,0.0173,0.0173,0.0173,0.0173
f0,710,1926,0.0,930.1,0.7185,0.9313,0.9313,0.9313
f0,711,1929,0.0,2779.5,0.0,0.0,0.0,0.0
f0,712,1930,0.0,9093.6,0.0,0.0,0.0,0.0
f0,713,1931,0.0,3859.4,0.0,0.0,0.0,0.0
f0,714,1932,0.0,3338.5,0.0,0.0,0.0,0.0
f0,715,1933,0.0,3893.6,0.0,0.0,0.0,0.0152
f0,716,1934,0.0,12821.9,0.0,0.0,0.0,0.0
f0,717,1937,0.0,2179.1,0.0,0.0,0.0,0.0
f0,718,1938,0.0,4714.9,0.0,0.0,0.0,0.0
f0,719,1939,0.0,1110.4,0.0,0.0,0.0,0.0
f0,720,1940,0.0,2176.6,0.0,0.0,0.0,0.0
f0,721,1942,0.0,460.1,0.0,0.0,0.0,0.0
f0,722,1943,0.0,904.1,0.0,0.0,0.0,0.0
f0,723,1944,0.0,723.8,0.0,0.0,0.0,0.0
f0,724,1945,0.0,2172.5,0.0,0.0,0.0,0.0
f0,725,1948,0.0,20539.2,0.0023,0.0023,0.0046,0.0046
f0,726,1949,0.0,1752.0,0.0292,0.0676,0.1127,0.1804
f0,727,1950,0.0,6703.1,0.0,0.0,0.0,0.0
f0,728,1951,0.0,2773.6,0.0,0.0,0.0,0.0
f0,729,1952,0.0,1017.0,0.0,0.0,0.0,0.0
f0,730,1953,0.0,5454.8,0.0,0.0,0.0,0.0
f0,731,1954,0.0,5418.2,0.0,0.0,0.0,0.0
f0,732,1955,0.0,2155.9,0.0,0.0,0.0,0.0
f0,733,1956,0.0,3858.1,0.0,0.0,0.0,0.0
f0,734,1957,0.0,630.1,0.0,0.0,0.0,0.0
f0,735,1987,0.0,14066.8,0.0,0.0,0.0,0.0
f0,736,1989,0.0,11768.3,0.0,0.0,0.0,0.0
f0,737,1990,0.0,21050.5,0.0,0.0,0.0,0.0
f0,738,1992,0.0,2023.1,0.0,0.0,0.0,0.0
f0,739,1997,0.0,13352.2,0.0,0.0,0.0,0.0
f0,740,1998,0.0,1502.4,0.0,0.0,0.0,0.0
f0,741,1999,0.0,1029.9,0.0,0.0,0.0,0.0
f0,742,2000,0.0,913.0,0.0,0.0,0.0,0.0
f0,743,2001,0.0,7477.5,0.0,0.0,0.0,0.0
f0,744,2003,0.0,5763.7,0.0,0.0,0.0,0.0
f0,745,2004,0.0,6262.7,0.0,0.0,0.0,0.0
f0,746,2005,0.0,699.5,0.0,0.0,0.0,0.0
f0,747,2006,0.0,15652.2,0.0,0.0,0.0,0.0
f0,748,2007,0.0,4276.9,0.0,0.0,0.0,0.0
f0,749,2009,0.0,15828.8,0.0,0.0,0.0,0.0
f0,750,2010,0.0,719.3,0.0,0.0,0.0,0.0
f0,751,2011,0.0,8672.3,0.0,0.0,0.0,0.0
f0,752,2019,0.0,28.3,0.0,0.0,0.0,0.0
f0,753,2020,0.0,1913.7,0.0,0.0,0.0,0.0
f0,754,2021,0.0,613.9,0.0,0.0,0.0,0.0
f0,755,2022,0.0,634.6,0.0,0.0,0.0,0.0
f0,756,2023,0.0,3002.0,0.0,0.0,0.0,0.0
f0,757,2024,0.0,3631.3,0.0,0.0,0.0,0.0
f0,758,2025,0.0,2862.3,0.0,0.0,0.0,0.0
f0,759,2026,0.0,1264.4,0.0,0.0,0.0,0.0
f0,760,2027,0.0,1332.8,0.0,0.0,0.0,0.0
f0,761,2028,0.0,762.0,0.0,0.0,0.0,0.0
f0,762,2029,0.0,648.8,0.0,0.0,0.0,0.0
f0,763,2030,0.0,1533.8,0.0,0.0,0.0,0.0
f0,764,2031,0.0,0.0,0.0,0.0,0.0,0.0
f0,765,2033,0.0,2801.6,0.0,0.0,0.0,0.0
f0,766,2034,0.0,4573.9,0.0,0.0,0.0,0.0
f0,767,2035,0.0,1300.2,0.0,0.0,0.0,0.0
f0,768,2036,0.0,102156.4,0.0,0.0,0.0,0.0
f0,769,2067,0.0,24213.9,0.0,0.0,0.0,0.0
f0,770,2068,0.0,1291.0,0.0,0.0,0.0,0.0
f0,771,2069,0.0,2796.0,0.0,0.0,0.0,0.0
f0,772,2072,0.0,1923.3,0.0,0.0,0.0,0.0
f0,773,2075,0.0,2486.9,0.0,0.0,0.0,0.0
f0,774,2076,0.0,600.2,0.0,0.0,0.0,0.0
f0,775,2086,0.0,885.0,0.0,0.0,0.0,0.0
f0,776,2088,0.0,5444.6,0.0,0.0,0.0,0.0006
f0,777,2090,0.0,1195.9,0.0,0.0,0.0,0.0
f0,778,2091,0.0,1466.3,0.0,0.0,0.0,0.0
f0,779,2092,0.0,4529.6,0.0,0.0,0.0,0.0
f0,780,2093,0.0,1608.5,0.0,0.0,0.0,0.0
f0,781,2094,0.0,10519.2,0.0,0.0,0.0,0.0
f0,782,2095,0.0,2785.4,0.0,0.0,0.0,0.0
f0,783,2096,0.0,2018.0,0.0,0.0,0.0,0.0
f0,784,2097,0.0,4984.9,0.0,0.0,0.0,0.0
f0,785,2098,0.0,3432.0,0.0,0.0,0.0,0.0
f0,786,2099,0.0,1062.1,0.0,0.0,0.0,0.0
f0,787,2100,0.0,589.5,0.0,0.0,0.0,0.0
f0,788,2115,0.0,7670.7,1.0,1.0,1.0,1.0
f0,789,2116,0.0,2958.7,0.9957,0.9967,0.9977,0.9977
f0,790,2117,0.0,2253.5,1.0,1.0,1.0,1.0
f0,791,2118,0.0,696.1,1.0,1.0,1.0,1.0
f0,792,2119,0.0,1357.3,0.9894,0.9894,0.9894,0.9894
f0,793,2120,0.0,0.0,0.9984,0.9984,0.9984,0.9984
f0,794,2121,0.0,2826.9,0.7948,0.8755,0.9041,0.9338
f0,795,2122,0.0,354.4,0.0,0.0,0.0,0.0
f0,796,2123,0.0,10761.9,0.8771,0.9902,0.9997,0.9997
f0,797,2124,0.0,288.3,0.7388,0.7804,0.7908,0.822
f0,798,2125,0.0,3192.3,0.2636,0.3256,0.4109,0.5349
f0,799,2126,0.0,568.0,0.0,0.0002,0.0002,0.0002
f0,800,2127,0.0,5089.0,0.0,0.0,0.0,0.0
f0,801,2128,0.0,714.3,0.021,0.4662,0.9449,1.0
f0,802,2132,0.0,10446.4,0.0188,0.0338,0.0526,0.0601
f0,803,2133,0.0,6972.2,0.0,0.0,0.0,0.0
f0,804,2134,0.0,753.1,0.9082,0.9281,0.9281,0.9361
f0,805,2135,0.0,698.0,0.019,0.0587,0.1125,0.1125
f0,806,2136,0.0,445.7,0.7066,0.7605,0.7739,0.7739
f0,807,2137,0.0,2144.7,0.193,0.2322,0.2797,0.3441
f0,808,2138,0.0,140.4,0.9617,0.9617,0.9617,0.9617
f0,809,2139,0.0,460.5,0.0651,0.1173,0.1433,0.1954
f0,810,2140,0.0,66230.3,0.0,0.0,0.0,0.0
f0,811,2141,0.0,7022.6,0.0,0.0,0.0,0.0
f0,812,2142,0.0,24847.1,0.0,0.0,0.0,0.0
f0,813,2144,0.0,3501.6,0.0,0.0,0.0448,0.1457
f0,814,2145,0.0,20238.5,0.0039,0.0524,0.1978,0.3258
f0,815,2147,0.0,1679.6,0.0,0.0,0.0,0.0
f0,816,2148,0.0,34916.1,0.0,0.0,0.0034,0.027
f0,817,2149,0.0,60808.4,0.009,0.011,0.0136,0.0174
f0,818,2150,0.0,3438.4,0.0,0.0,0.0,0.0
f0,819,2151,0.0,1709.7,0.9106,0.972,0.9949,0.9966
f0,820,2152,0.0,265.4,0.3278,0.6668,0.8477,0.9268
f0,821,2153,0.0,55029.8,0.0,0.0,0.0,0.0
f0,822,2154,0.0,36119.4,0.0,0.0,0.0,0.0
f0,823,2155,0.0,12047.3,0.0247,0.0448,0.0573,0.0869
f0,824,2157,0.0,19918.5,0.0,0.0,0.0,0.0
f0,825,2160,0.0,126179.8,0.0,0.0,0.0,0.0
f0,826,2163,0.0,1449.4,0.0,0.0,0.0,0.0
f0,827,2164,0.0,535.8,0.0,0.0,0.0,0.0
f0,828,2165,0.0,2334.7,0.0,0.0,0.0,0.0
f0,829,2166,0.0,5058.3,0.0,0.0,0.0,0.0
f0,830,2167,0.0,26053.9,0.0,0.0,0.0,0.0
f0,831,2169,0.0,1917.3,0.0,0.2323,0.3614,0.4131
f0,832,2170,0.0,1726.9,0.0004,0.1601,0.4117,0.8005
f0,833,2171,0.0,6017.9,0.2131,0.513,0.7656,0.8682
f0,834,2177,0.0,1692.0,0.0,0.1167,0.1867,0.2568
f0,835,2178,0.0,1484.4,0.0,0.0016,0.0016,0.0016
f0,836,2179,0.0,3821.8,0.7706,0.8159,0.8613,0.8742
f0,837,2180,0.0,21348.1,0.0,0.0046,0.0081,0.0104
f0,838,2181,0.0,617.8,1.0,1.0,1.0,1.0
f0,839,2182,0.0,16769.1,0.9908,0.9908,0.9908,0.9908
f0,840,2183,0.0,3825.4,0.2782,0.4593,0.5823,0.7569
f0,841,2184,0.0,4735.1,0.8519,0.8781,0.9147,0.946
f0,842,2185,0.0,4520.7,0.4203,0.5674,0.725,0.809
f0,843,2186,0.0,193.5,0.9456,0.9921,0.9921,0.9921
f0,844,2187,0.0,11062.8,0.4526,0.6996,0.8764,0.9588
f0,845,2188,0.0,226.8,0.0167,0.029,0.1191,0.2778
f0,846,2189,0.0,0.0,0.3925,0.9609,0.988,0.988
f0,847,2190,0.0,9387.6,0.3093,0.406,0.5607,0.6573
f0,848,2191,0.0,3123.3,0.0,0.0015,0.2276,0.5438
f0,849,2192,0.0,290.3,0.7854,0.9921,1.0,1.0
f0,850,2193,0.0,184.2,0.4071,0.8467,0.9932,0.9932
f0,851,2194,0.0,1196.9,0.2983,0.5539,0.7143,0.782
f0,852,2195,0.0,3226.2,0.1914,0.3828,0.4858,0.6331
f0,853,2196,0.0,20518.0,0.3033,0.4931,0.5926,0.6736
f0,854,2197,0.0,538.8,0.4956,0.7294,0.8464,0.8965
f0,855,2198,0.0,3753.8,0.9758,0.9824,0.9824,0.9824
f0,856,2199,0.0,0.0,0.9897,0.9897,0.9943,0.9943
f0,857,2200,0.0,7226.4,0.6176,0.8253,0.8964,0.9565
f0,858,2201,0.0,627.0,0.0096,0.0096,0.2273,0.2273
f0,859,2202,0.0,3740.8,0.0,0.1564,0.3545,0.4587
f0,860,2203,0.0,1587.0,0.0,0.0026,0.0033,0.0048
f0,861,2204,0.0,2302.1,0.0323,0.0968,0.1398,0.2365
f0,862,2205,0.0,27894.2,0.8603,1.0,1.0,1.0
f0,863,2206,0.0,485.8,0.0,0.0,0.0,0.0
f0,864,2207,0.0,8023.7,0.0,0.0017,0.0017,0.006
f0,865,2208,0.0,4079.3,0.0,0.0,0.0,0.0
f0,866,2209,0.0,1918.8,0.0,0.0,0.0,0.0
f0,867,2210,0.0,492.9,0.0426,0.1522,0.2861,0.4382
f0,868,2211,0.0,18259.7,0.0,0.0,0.0,0.0
f0,869,2216,0.0,23530.7,0.0,0.0,0.0,0.0
f0,870,2259,0.0,1421.1,0.0,0.0,0.0,0.0
f0,871,2261,0.0,3473.1,0.0,0.0,0.0,0.0
f0,872,2262,0.0,2486.7,0.0,0.0,0.0,0.0
f0,873,2264,0.0,17876.5,0.0,0.0,0.0,0.0
f0,874,2265,0.0,13398.8,0.6898,0.8136,0.8755,0.9227
f0,875,2266,0.0,15555.2,0.0,0.0,0.0,0.0
f0,876,2267,0.0,3777.3,0.0,0.0,0.0006,0.0197
f0,877,2268,0.0,3199.2,0.0,0.0,0.0,0.0
f0,878,2269,0.0,138.4,0.0,0.0,0.0,0.0
f0,879,2270,0.0,649.0,0.0,0.0,0.0,0.0
f0,880,2271,0.0,613.6,0.0,0.0,0.0,0.0
f0,881,2272,0.0,8434.8,0.0,0.0,0.0,0.0
f0,882,2273,0.0,12938.9,0.0272,0.0421,0.0561,0.0701
f0,883,2274,0.0,5872.0,0.0,0.0,0.0,0.0
f0,884,2275,0.0,509.3,0.9954,0.9954,0.9954,0.9954
f0,885,2278,0.0,527.0,0.0,0.2903,0.6432,0.8026
f0,886,2279,0.0,871.7,0.5575,0.9154,0.9877,0.9912
f0,887,2280,0.0,0.0,0.0,0.0,0.0,0.0
f0,888,2281,0.0,7623.2,0.0,0.0,0.0,0.0
f0,889,2282,0.0,826.9,0.0,0.0,0.0,0.0
f0,890,2283,0.0,1257.9,0.0,0.0,0.0,0.0
f0,891,2284,0.0,1508.5,0.0,0.0,0.0,0.0
f0,892,2287,0.0,3557.3,0.0,0.0,0.0,0.0
f0,893,2288,0.0,22836.3,0.0636,0.7073,0.9458,0.9616
f0,894,2289,0.0,7855.4,0.252,0.3025,0.3592,0.4537
f0,895,2290,0.0,2487.1,0.0,0.0,0.0,0.0
f0,896,2291,0.0,53858.6,0.9941,1.0,1.0,1.0
f0,897,2292,0.0,599.0,0.0,0.0014,0.0014,0.0601
f0,898,2293,0.0,5591.8,0.0,0.0,0.0491,0.1193
f0,899,2294,0.0,584.5,0.8006,0.893,0.9238,0.9392
f0,900,2295,0.0,251.8,0.5004,0.8936,1.0,1.0
f0,901,2296,0.0,409.2,0.9897,0.997,0.997,0.997
f0,902,2297,0.0,263.9,0.9547,0.9661,0.9661,0.9661
f0,903,2298,0.0,1066.8,1.0,1.0,1.0,1.0
f0,904,2299,0.0,6831.8,1.0,1.0,1.0,1.0
f0,905,2300,0.0,3527.1,0.0,0.0,0.0,0.0
f0,906,2301,0.0,27269.0,0.0435,0.4686,0.6985,0.8361
f0,907,2302,0.0,14014.4,0.4575,0.7795,0.8981,0.9727
f0,908,2303,0.0,809.4,0.719,0.9636,0.9895,1.0
f0,909,2304,0.0,586.5,0.0205,0.445,0.7979,0.8849
f0,910,2305,0.0,836.1,0.4234,0.7822,0.8396,0.9006
f0,911,2306,0.0,1663.6,0.0,0.0,0.0,0.0
f0,912,2307,0.0,2459.4,0.0,0.0,0.0,0.0
f0,913,2308,0.0,4855.1,0.0,0.0,0.0,0.0
f0,914,2309,0.0,2171.2,0.0,0.0,0.0,0.0
f0,915,2310,0.0,10891.3,0.0,0.0,0.0,0.0333
f0,916,2311,0.0,17624.4,0.0,0.0,0.0,0.0
f0,917,2312,0.0,5327.0,0.0,0.0,0.0,0.4088
f0,918,2313,0.0,33982.4,0.3995,0.5747,0.7197,0.821
f0,919,2314,0.0,9569.0,1.0,1.0,1.0,1.0
f0,920,2315,0.0,4300.1,0.0,0.0,0.0,0.0
f0,921,2316,0.0,5111.4,0.127,0.1616,0.1962,0.2193
f0,922,2317,0.0,6142.2,0.0006,0.0262,0.0524,0.1048
f0,923,2318,0.0,6717.9,0.0,0.0,0.0,0.0
f0,924,2322,0.0,4408.9,0.0,0.0,0.0,0.0
f0,925,2324,0.0,3524.4,0.0,0.0,0.0,0.0
f0,926,2325,0.0,1677.4,0.0242,0.0468,0.0468,0.0936
f0,927,2326,0.0,12548.2,0.1157,0.1251,0.1345,0.1626
f0,928,2327,0.0,2497.9,0.0,0.0,0.0,0.0
f0,929,2328,0.0,941.3,0.0,0.0,0.0,0.0
f0,930,2329,0.0,12453.2,0.0,0.0,0.0,0.0
f0,931,2354,0.0,2176.1,0.0,0.0,0.0,0.0
f0,932,2355,0.0,5779.3,0.0,0.0,0.0,0.0
f0,933,2361,0.0,137.7,0.0,0.0002,0.0653,0.2831
f0,934,2362,0.0,1068.8,0.0,0.0,0.0,0.0
f0,935,2363,0.0,504.7,0.1367,0.214,0.2734,0.321
f0,936,2364,0.0,1569.2,1.0,1.0,1.0,1.0
f0,937,2365,0.0,1479.7,0.9877,0.9877,0.9877,0.9877
f0,938,2366,0.0,1286.0,1.0,1.0,1.0,1.0
f0,939,2367,0.0,1365.5,0.9996,0.9996,0.9996,0.9996
f0,940,2368,0.0,4582.6,0.9826,0.9912,0.9912,0.9912
f0,941,2369,0.0,0.0,1.0,1.0,1.0,1.0
f0,942,2370,0.0,459.6,0.0,0.0,0.0,0.0005
f0,943,2371,0.0,7090.0,0.0,0.0,0.0,0.0
f0,944,2373,0.0,3127.2,0.1727,0.2417,0.3415,0.3636
f0,945,2384,0.0,1300.7,1.0,1.0,1.0,1.0
f0,946,2389,0.0,8067.7,0.0,0.0,0.0,0.0
f0,947,2390,0.0,450.2,0.0,0.0,0.0,0.0
f0,948,2394,0.0,1655.1,0.7341,0.8011,0.8446,0.8464
f0,949,2395,0.0,419.7,0.2716,0.5146,0.6932,0.7075
f0,950,2396,0.0,384.8,0.0,0.0,0.0,0.0
f0,951,2398,0.0,162.2,0.0,0.0,0.0,0.0
f0,952,2399,0.0,182.3,0.0,0.0,0.0,0.0
f0,953,2402,0.0,4541.7,0.0,0.0,0.0,0.0
f0,954,2403,0.0,433.9,0.0,0.0,0.0,0.0
f0,955,2404,0.0,4465.4,0.0,0.0,0.0,0.0
f0,956,2405,0.0,1575.0,0.0,0.0,0.0,0.0
f0,957,2406,0.0,262.2,0.0,0.0,0.0,0.0
f0,958,2407,0.0,138.4,0.0,0.0,0.0,0.0
f0,959,2408,0.0,3385.9,0.0,0.0,0.0,0.0
f0,960,2409,0.0,4579.7,0.0,0.0,0.0,0.0
f0,961,2411,0.0,9388.9,0.0,0.0,0.0,0.0
f0,962,2413,0.0,15.4,0.0,0.0,0.0,0.0
f0,963,2414,0.0,2266.4,0.0,0.0,0.0,0.0
f0,964,2416,0.0,3041.2,0.0,0.0,0.0,0.0
f0,965,2417,0.0,2380.9,0.0,0.0,0.0,0.0
f0,966,2418,0.0,4955.2,0.0,0.0,0.0,0.0
f0,967,2421,0.0,2978.6,0.0,0.0,0.0,0.0
f0,968,2422,0.0,2775.1,0.0,0.0,0.0,0.0
f0,969,2423,0.0,6389.5,0.0,0.0,0.0,0.0
f0,970,2424,0.0,5981.6,0.0,0.0,0.0,0.0
f0,971,2425,0.0,2387.7,0.0,0.0,0.0,0.0
f0,972,2429,0.0,203.4,0.0,0.0,0.0,0.0
f0,973,2430,0.0,6863.2,0.0,0.0,0.0,0.0
f0,974,2431,0.0,4555.7,0.0,0.0,0.0,0.0
f0,975,2432,0.0,2302.4,0.0,0.0,0.0,0.0
f0,976,2435,0.0,639.7,0.0,0.0,0.0,0.0
f0,977,2436,0.0,2106.2,0.0,0.0,0.0,0.0
f0,978,2437,0.0,6470.9,0.0,0.0,0.0,0.0
f0,979,2438,0.0,983.6,0.0,0.0,0.0,0.0
f0,980,2439,0.0,6708.6,0.0,0.0,0.0,0.0
f0,981,2440,0.0,19345.3,0.0,0.0,0.0,0.0
f0,982,2442,0.0,2983.5,0.0,0.0,0.0,0.0
f0,983,2443,0.0,4465.3,0.0,0.0,0.0,0.0
f0,984,2444,0.0,12.7,0.0,0.0,0.0,0.0
f0,985,2445,0.0,4659.1,0.0,0.0,0.0,0.0
f0,986,2447,0.0,2049.9,0.0,0.0,0.0,0.0
f0,987,2448,0.0,4902.3,0.0,0.0,0.0,0.0
f0,988,2451,0.0,4777.4,0.0,0.0,0.0,0.0
f0,989,2452,0.0,36927.2,0.0191,0.0329,0.0351,0.0436
f0,990,2453,0.0,19120.8,0.0,0.0,0.0,0.0
f0,991,2454,0.0,2612.2,0.0,0.0,0.0,0.0
f0,992,2455,0.0,62.1,0.0,0.0,0.0,0.0
f0,993,2456,0.0,186.3,0.0,0.0,0.0,0.0
f0,994,2457,0.0,10793.7,0.0,0.0,0.0,0.0
f0,995,2459,0.0,2821.6,0.0,0.0008,0.0008,0.0012
f0,996,2460,0.0,12737.3,0.0,0.0,0.0,0.0
f0,997,2461,0.0,1311.2,0.0,0.0,0.0,0.0
f0,998,2462,0.0,10200.6,0.0,0.0,0.0,0.0
f0,999,2463,0.0,1221.6,0.0,0.0,0.0,0.0
f0,1000,2465,0.0,3882.8,0.0,0.0,0.0,0.0
f0,1001,2468,0.0,685.5,0.0,0.0,0.0,0.0
f0,1002,2469,0.0,1936.6,0.0,0.0,0.0,0.0
f0,1003,2470,0.0,2888.9,0.0,0.0,0.0,0.0
f0,1004,2471,0.0,1551.4,0.0,0.0,0.0,0.0
f0,1005,2472,0.0,337.0,0.0,0.0,0.0,0.0
f0,1006,2473,0.0,117.0,0.0,0.0,0.0,0.0
f0,1007,2474,0.0,84.0,0.0,0.0,0.0,0.0
f0,1008,2475,0.0,397.3,0.0,0.0,0.0,0.0
f0,1009,2476,0.0,1676.5,0.0,0.0,0.0,0.0
f0,1010,2477,0.0,768.6,0.0,0.0,0.0,0.0
f0,1011,2478,0.0,0.0,0.0,0.0,0.0,0.0
f0,1012,2479,0.0,588.3,0.0,0.1224,0.3569,0.4895
f0,1013,2481,0.0,248.4,0.2777,0.4106,0.5434,0.6642
f0,1014,2484,0.0,151.8,0.0147,0.6521,0.8496,0.8892
f0,1015,2485,0.0,337.7,0.0,0.0,0.0,0.0
f0,1016,2486,0.0,1011.0,0.0,0.0,0.0,0.0
f0,1017,2487,0.0,14330.3,0.0,0.0,0.0,0.0
f0,1018,2488,0.0,3453.7,0.0,0.0,0.0,0.0
f0,1019,2489,0.0,6362.3,0.0,0.0,0.0,0.0
f0,1020,2490,0.0,518.2,0.0,0.0,0.0,0.0
f0,1021,2491,0.0,749.9,0.0,0.0,0.0,0.0
f0,1022,2492,0.0,3727.6,0.0,0.0,0.0,0.0
f0,1023,2493,0.0,547.3,0.0,0.0,0.0,0.0
f0,1024,2494,0.0,8190.6,0.0,0.0,0.0,0.0
f0,1025,2495,0.0,175.4,0.0,0.0,0.0,0.0
f0,1026,2496,0.0,514.9,0.0,0.0,0.0,0.0
f0,1027,2500,0.0,901.5,0.0,0.0,0.0,0.0
f0,1028,2501,0.0,15207.0,0.0,0.0,0.0,0.0
f0,1029,2512,0.0,3555.3,0.0,0.0,0.0,0.0
f0,1030,2515,0.0,721.0,0.0,0.0,0.0,0.0
f0,1031,2516,0.0,168.1,0.0,0.0,0.0,0.0
f0,1032,2517,0.0,10155.6,0.0,0.0,0.0,0.0
f0,1033,2518,0.0,497.9,0.0,0.0,0.0,0.0
f0,1034,2519,0.0,2488.3,0.0,0.0,0.0,0.0
f0,1035,2520,0.0,587.9,0.0,0.0,0.0,0.0
f0,1036,2521,0.0,1427.6,0.0,0.0,0.0,0.0
f0,1037,2522,0.0,2004.5,0.0,0.0,0.0,0.0
f0,1038,2523,0.0,2050.8,0.0,0.0,0.0,0.0
f0,1039,2526,0.0,2575.3,0.0,0.0,0.0,0.0
f0,1040,2527,0.0,1710.2,0.0099,0.1187,0.3857,0.4451
f0,1041,2528,0.0,571.8,0.0367,0.446,0.8814,1.0
f0,1042,2533,0.0,198.7,0.1811,0.3019,0.4679,0.6189
f0,1043,2535,0.0,4406.1,0.0,0.0,0.0,0.0
f0,1044,2538,0.0,3218.2,0.9116,0.9638,0.9899,0.9974
f0,1045,2539,0.0,53209.4,0.0175,0.0651,0.1255,0.1461
f0,1046,2540,0.0,2318.0,0.0,0.0,0.0,0.0
f0,1047,2549,0.0,119.8,0.0,0.0,0.0,0.0
f0,1048,2556,0.0,2472.0,0.0,0.0,0.0,0.0
f0,1049,2561,0.0,0.0,0.0,0.0,0.0,0.0
f0,1050,2567,0.0,9236.2,0.0,0.0,0.0,0.0
f0,1051,2577,0.0,0.0,0.0,0.0,0.0,0.0
f0,1052,2579,0.0,461.0,0.0,0.0,0.0,0.0
f0,1053,2580,0.0,6288.8,0.1889,0.2164,0.2243,0.2361
f0,1054,2585,0.0,5609.5,0.0,0.0,0.0,0.0
f0,1055,2586,0.0,7797.9,0.0,0.0,0.0,0.0
f0,1056,2593,0.0,2344.8,0.0001,0.0068,0.0,0.0098
f0,1057,2594,0.0,3989.9,0.0,0.0,0.0,0.0
f0,1058,2595,0.0,3161.0,0.0,0.0,0.0,0.0
f0,1059,2596,0.0,4347.0,0.0,0.0,0.0,0.0
f0,1060,2597,0.0,1945.2,0.0,0.0,0.0,0.0
f0,1061,2598,0.0,2649.1,0.0,0.0,0.0,0.0
f0,1062,2599,0.0,2013.4,0.0,0.0,0.0,0.0
f0,1063,2601,0.0,5508.2,0.7924,0.8746,0.9062,0.916
f0,1064,2602,0.0,0.0,0.6971,0.8969,0.962,0.9724
f0,1065,2603,0.0,55489.1,0.7515,0.9039,0.9912,0.9981
f0,1066,2606,0.0,1974.8,0.0,0.0015,0.1033,0.319
f0,1067,2607,0.0,17993.3,0.0878,0.259,0.3293,0.3666
f0,1068,2608,0.0,2556.6,0.0,0.0309,0.1854,0.5716
f0,1069,2610,0.0,3187.6,0.985,0.985,0.985,0.985
f0,1070,2611,0.0,2805.4,0.0,0.0,0.0,0.0
f0,1071,2612,0.0,6271.8,0.0,0.0,0.0,0.0
f0,1072,2613,0.0,8166.9,0.0,0.0,0.0,0.0
f0,1073,2614,0.0,0.0,0.1982,0.2386,0.2569,0.2606
f0,1074,2616,0.0,33135.2,0.0,0.0,0.0005,0.0036
f0,1075,2617,0.0,15153.5,0.2959,0.4789,0.7047,0.8682
f0,1076,2618,0.0,6348.2,0.5226,0.6595,0.6906,0.7404
f0,1077,2621,0.0,2847.3,0.0112,0.6506,0.9675,0.9675
f0,1078,2623,0.0,2168.7,0.0,0.8961,0.9545,0.974
f0,1079,2624,0.0,178.4,0.0,0.8408,1.0,1.0
f0,1080,2625,0.0,464.3,0.0,0.0,0.0,0.0
f0,1081,2631,0.0,7189.5,0.0,0.0,0.0,0.0
f0,1082,2635,0.0,5184.2,0.1204,0.2934,0.346,0.3836
f0,1083,2640,0.0,16421.7,0.026,0.1012,0.2748,0.4194
f0,1084,2641,0.0,9512.1,0.0,0.0,0.0,0.0
f0,1085,2642,0.0,3972.8,0.0,0.0,0.0,0.0
f0,1086,2644,0.0,52872.5,0.0207,0.0395,0.0494,0.0602
f0,1087,2647,0.0,1332.1,0.0,0.0,0.0,0.0
f0,1088,2648,0.0,25015.9,0.0,0.1419,0.5337,0.9289
f0,1089,2650,0.0,5023.5,0.0,0.0,0.0,0.0
f0,1090,2652,0.0,13573.0,0.0,0.0,0.0,0.0
f0,1091,2653,0.0,3872.9,0.0,0.0,0.0,0.0
f0,1092,2655,0.0,2613.9,0.0219,0.0453,0.0756,0.1662
f0,1093,2656,0.0,1070.7,0.0,0.0,0.0,0.0
f0,1094,2657,0.0,3244.4,0.0083,0.1217,0.1461,0.2435
f0,1095,2658,0.0,8146.8,0.3673,0.6122,0.8862,0.9678
f0,1096,2659,0.0,5056.7,0.6405,0.9842,1.0,1.0
f0,1097,2660,0.0,2412.5,0.9676,0.9843,0.9843,0.9843
f0,1098,2662,0.0,0.0,0.0536,0.4077,0.6544,0.9011
f0,1099,2663,0.0,19413.6,0.0982,0.6706,0.8263,0.9149
f0,1100,2664,0.0,24196.1,0.0,0.0244,0.234,0.7176
f0,1101,2665,0.0,1482.5,0.9325,0.9325,0.9325,0.9325
f0,1102,2666,0.0,8233.1,0.0,0.0,0.0,0.0
f0,1103,2667,0.0,4738.3,0.0,0.0,0.0,0.0
f0,1104,2668,0.0,944.4,0.0,0.0,0.0,0.0
f0,1105,2669,0.0,11128.6,0.9774,0.9774,0.9987,0.9987
f0,1106,2672,0.0,5742.5,0.0,0.0,0.0,0.0
f0,1107,2675,0.0,37297.6,0.0,0.0,0.0,0.0
f0,1108,2677,0.0,5352.9,0.0,0.0,0.0,0.0
f0,1109,2679,0.0,7584.1,0.0,0.0,0.0,0.0
f0,1110,2680,0.0,1284.5,0.0,0.0,0.0,0.0
f0,1111,2688,0.0,1778.9,0.0,0.0,0.0,0.0
f0,1112,2689,0.0,1351.8,0.0,0.0,0.0,0.0
f0,1113,2690,0.0,3898.1,0.0,0.0,0.0,0.0
f0,1114,2693,0.0,8778.3,0.0,0.0,0.0,0.0
f0,1115,2694,0.0,593.0,0.0,0.0,0.0,0.0
f0,1116,2696,0.0,4682.7,0.0,0.0,0.0,0.0
f0,1117,2701,0.0,7668.7,0.0,0.0,0.0,0.0
f0,1118,2703,0.0,20804.2,0.0,0.0016,0.004,0.0057
f0,1119,2704,0.0,36214.1,0.0,0.0,0.0,0.0
f0,1120,2705,0.0,20748.6,0.0,0.0,0.0,0.0
f0,1121,2708,0.0,14126.7,0.0,0.0,0.0,0.0
f0,1122,2711,0.0,1814.0,0.0,0.0,0.0,0.0
f0,1123,2712,0.0,1473.4,0.0,0.0,0.0102,0.3584
f0,1124,2714,0.0,20653.2,0.0,0.0,0.0,0.0
f0,1125,2718,0.0,119012.7,0.0,0.0,0.0,0.0
f0,1126,2721,0.0,4840.2,0.0,0.0,0.0,0.0
f0,1127,2722,0.0,0.0,0.0,0.0,0.0,0.0
f0,1128,2723,0.0,36397.6,0.0,0.0,0.0,0.0
f0,1129,2724,0.0,51137.8,0.0,0.0,0.0,0.0
f0,1130,2726,0.0,45679.8,0.0,0.0,0.0,0.0
f0,1131,2727,0.0,31642.9,0.0,0.0,0.0,0.0061
f0,1132,2729,0.0,29114.4,0.0,0.0,0.0,0.0
f0,1133,2733,0.0,7999.3,0.0,0.0,0.0,0.0
f0,1134,2734,0.0,14579.0,0.0,0.0,0.0,0.0
f0,1135,2735,0.0,2193.8,0.0,0.0,0.0,0.0
f0,1136,2736,0.0,7062.5,0.0,0.0,0.0,0.0024
f0,1137,2737,0.0,14773.3,0.0,0.0,0.0,0.0
f0,1138,2740,0.0,10139.6,0.0142,0.0953,0.1219,0.1622
f0,1139,2741,0.0,1370.0,0.0,0.0,0.0,0.0
f0,1140,2745,0.0,32358.6,0.0,0.0,0.0,0.0
f0,1141,2757,0.0,4448.2,0.0,0.0,0.0,0.0003
f0,1142,2758,0.0,4655.0,0.0,0.0,0.0026,0.0541
f0,1143,2763,0.0,1172.5,0.0,0.0,0.0,0.0
f0,1144,2764,0.0,17683.1,0.0,0.0,0.0,0.0
f0,1145,2765,0.0,2251.4,0.0,0.0,0.0,0.0
f0,1146,2766,0.0,170356.9,0.0,0.0,0.0,0.0
f0,1147,2768,0.0,313.6,0.0,0.0,0.0,0.0
f0,1148,2772,0.0,758.2,0.0,0.0,0.0,0.0
f0,1149,2774,0.0,73487.2,0.0,0.0,0.0,0.0
f0,1150,2776,0.0,18842.5,0.0,0.0,0.0,0.0
f0,1151,2779,0.0,16721.8,0.0,0.0,0.0,0.0
f0,1152,2781,0.0,1807.1,0.0,0.0,0.0,0.0
f0,1153,2782,0.0,2451.8,0.0,0.0,0.0012,0.0281
f0,1154,2783,0.0,10004.4,0.0,0.0,0.0,0.0
f0,1155,2795,0.0,32925.5,0.0006,0.0024,0.0036,0.0072
f0,1156,2796,0.0,22701.9,0.0,0.0,0.0,0.0
f0,1157,2797,0.0,27518.6,0.0,0.0,0.0,0.0
f0,1158,2801,0.0,32274.1,0.0061,0.0233,0.0269,0.0514
f0,1159,2802,0.0,5262.8,0.0,0.0,0.0,0.0
f0,1160,2803,0.0,383.8,0.0,0.0,0.0,0.0
f0,1161,2804,0.0,8668.4,0.0,0.0,0.0,0.0
f0,1162,2805,0.0,121456.4,0.0,0.0,0.0,0.0
f0,1163,2806,0.0,40750.2,0.0,0.0,0.0,0.0
f0,1164,2807,0.0,27359.9,0.0,0.0,0.0,0.0
f0,1165,2808,0.0,179528.1,0.0,0.0,0.0,0.0
f0,1166,2809,0.0,307.2,0.0,0.0,0.0,0.0
f0,1167,2811,0.0,43765.2,0.0,0.0,0.0,0.0
f0,1168,2812,0.0,2276.6,0.0,0.0,0.0,0.0382
f0,1169,2813,0.0,3144.4,0.0,0.0,0.0,0.0002
f0,1170,2815,0.0,8140.8,0.0,0.0,0.0,0.0
f0,1171,2816,0.0,132495.1,0.0,0.0,0.0,0.0
f0,1172,2817,0.0,4813.7,0.0,0.0,0.0,0.0
f0,1173,2819,0.0,46516.7,0.0,0.0,0.0,0.0212
f0,1174,2820,0.0,11381.2,0.0,0.0,0.0,0.0
f0,1175,2822,0.0,831588.4,0.0,0.0,0.0,0.0
f0,1176,2823,0.0,1401040.9,0.0,0.0,0.0,0.0003
f0,1177,2824,0.0,18442.5,0.0,0.0,0.0,0.0
f0,1178,2825,0.0,217207.0,0.0,0.0,0.0,0.0329
f0,1179,2827,0.0,58294.0,0.0,0.0,0.0,0.0
f0,1180,2828,0.0,44022.0,0.0,0.0,0.0,0.0
f0,1181,2829,0.0,267058.7,0.0,0.0,0.0,0.0
f0,1182,2831,0.0,1130.3,0.0,0.0,0.0,0.0
f0,1183,2832,0.0,9749.4,0.0095,0.0231,0.0302,0.0409
f0,1184,2837,0.0,6308.3,0.0,0.0,0.0,0.0
f0,1185,2838,0.0,156.8,0.0,0.0,0.0,0.0
f0,1186,2839,0.0,2850.1,0.0,0.0,0.0,0.0
f0,1187,2842,0.0,569.7,0.0,0.0,0.0,0.0
f0,1188,2843,0.0,4368.6,0.0,0.0,0.0,0.0
f0,1189,2844,0.0,3446.7,0.0,0.0,0.0,0.0
f0,1190,2846,0.0,3926.8,0.0,0.0,0.0,0.0
f0,1191,2847,0.0,9948.2,0.0,0.0,0.0,0.0
f0,1192,2849,0.0,2091.4,0.0,0.0,0.0,0.0
f0,1193,2850,0.0,2458.8,0.0,0.0,0.0,0.0
f0,1194,2852,0.0,887.1,0.0,0.0,0.0,0.0
f0,1195,2853,0.0,858.9,0.0838,0.1048,0.1083,0.1257
f0,1196,2854,0.0,10246.6,0.0,0.0,0.0,0.0
f0,1197,2855,0.0,34794.3,0.0,0.0,0.0,0.0
f0,1198,2856,0.0,8133.9,0.0,0.0,0.0,0.0
f0,1199,2857,0.0,8683.2,0.0,0.0,0.0,0.0
f0,1200,2858,0.0,2496.2,0.0,0.0,0.0,0.0
f0,1201,2859,0.0,766.8,0.0,0.0,0.0,0.0
f0,1202,2860,0.0,1589.7,0.0,0.0,0.0,0.0
f0,1203,2877,0.0,13164.9,0.0006,0.0062,0.0075,0.0119
f0,1204,2899,0.0,4425.4,0.0,0.0,0.0,0.0
f0,1205,2908,0.0,15447.0,0.0,0.0,0.0,0.0
f0,1206,2910,0.0,380.9,0.0,0.0,0.0,0.0
f0,1207,2911,0.0,7640.9,0.0,0.0,0.0,0.0
f0,1208,2912,0.0,2151.8,0.0,0.0,0.0,0.0
f0,1209,2913,0.0,7605.8,0.0,0.0,0.0,0.0
f0,1210,2914,0.0,5120.9,0.0,0.0,0.0,0.0
f0,1211,2916,0.0,113.3,0.0,0.0,0.0,0.0
f0,1212,2920,0.0,35.1,0.0,0.0,0.0,0.0
f0,1213,2921,0.0,19.8,0.0,0.0,0.0,0.0
f0,1214,2922,0.0,507.1,0.0,0.0,0.0,0.0
f0,1215,2923,0.0,2618.2,0.0,0.0,0.0,0.0
f0,1216,2924,0.0,18474.7,0.0,0.0,0.0,0.0
f0,1217,2925,0.0,12445.3,0.0,0.0,0.0,0.0
f0,1218,2926,0.0,63416.2,0.0,0.0,0.0,0.0
f0,1219,2927,0.0,7765.5,0.0,0.0,0.0,0.0
f0,1220,2928,0.0,5875.3,0.0,0.0,0.0,0.0
f0,1221,2929,0.0,12235.5,0.0,0.0,0.0,0.0
f0,1222,2930,0.0,8609.1,0.0,0.0,0.0,0.0
f0,1223,2932,0.0,1334.9,0.0,0.0,0.0,0.0
f0,1224,2935,0.0,10984.6,0.0,0.0,0.0,0.0
f0,1225,2937,0.0,7600.1,0.0,0.0,0.0,0.0
f0,1226,2938,0.0,2749.2,0.0,0.4551,0.5228,0.6963
f0,1227,2939,0.0,15089.3,0.0,0.0,0.0,0.0
f0,1228,2940,0.0,69243.8,0.0,0.0,0.0,0.0
f0,1229,2942,0.0,6719.4,0.0,0.0,0.0,0.0
f0,1230,2943,0.0,34838.4,0.0,0.0,0.0,0.0
f0,1231,2944,0.0,1255.4,0.0,0.0,0.0,0.0
f0,1232,2945,0.0,13993.2,0.0,0.0,0.0,0.0
f0,1233,2955,0.0,1947.8,0.0,0.0,0.0,0.0
f0,1234,2957,0.0,11799.5,0.0,0.0,0.0,0.0
f0,1235,2958,0.0,257.6,0.0,0.0,0.0,0.0
f0,1236,2959,0.0,10453.3,0.0,0.0,0.0,0.0
f0,1237,2960,0.0,9870.2,0.0,0.0,0.0,0.0
f0,1238,2961,0.0,7663.0,0.0018,0.0567,0.0825,0.2423
f0,1239,2963,0.0,1916.4,0.0,0.0,0.0,0.0
f0,1240,2965,0.0,5168.2,0.0,0.0,0.0,0.0
f0,1241,2971,0.0,38113.0,0.0,0.0,0.0,0.0
f0,1242,2974,0.0,12696.4,0.0,0.0,0.0,0.0
f0,1243,2975,0.0,1224.0,0.0,0.0,0.0,0.0
f0,1244,2976,0.0,5252.3,0.0,0.0,0.0,0.0
f0,1245,2977,0.0,3990.7,0.0,0.0,0.0,0.0
f0,1246,2978,0.0,9033.9,0.0,0.0,0.0,0.0
f0,1247,2979,0.0,13232.0,0.0,0.0,0.0,0.0
f0,1248,2980,0.0,7356.5,0.0,0.0,0.0,0.0
f0,1249,2981,0.0,5693.6,0.0,0.0,0.0,0.0347
f0,1250,2984,0.0,7440.5,0.0,0.0,0.0,0.0
f0,1251,2988,0.0,7972.3,0.0,0.0,0.0,0.0
f0,1252,2990,0.0,8848.8,0.0,0.0,0.0,0.0
f0,1253,2993,0.0,1522.1,0.0,0.0,0.0,0.0
f0,1254,2994,0.0,13465.5,0.0,0.0,0.0,0.0226
f0,1255,2995,0.0,1110.7,0.0,0.0,0.0,0.0
f0,1256,2996,0.0,1005.1,0.0,0.0,0.0,0.0
f0,1257,2997,0.0,1211.6,0.0,0.0,0.0,0.0
f0,1258,3001,0.0,261.4,0.0,0.0,0.0,0.0
f0,1259,3002,0.0,249.2,0.0,0.0,0.0,0.0
f0,1260,3003,0.0,2214.7,0.0,0.0,0.0,0.2359
f0,1261,3004,0.0,89.7,0.0,0.0,0.0,0.0
f0,1262,3007,0.0,983.7,0.0,0.0,0.0,0.0
f0,1263,3008,0.0,15907.1,0.0,0.0,0.0,0.0
f0,1264,3019,0.0,2689.4,0.0,0.0,0.0,0.0
f0,1265,3020,0.0,0.0,0.0,0.0,0.0,0.0
f0,1266,3021,0.0,2935.7,0.0,0.0971,0.356,0.9386
f0,1267,3024,0.0,1057.2,0.0,0.0,0.0,0.0
f0,1268,3031,0.0,4353.2,0.0,0.0,0.0,0.0
f0,1269,3041,0.0,1929.4,0.0,0.0,0.0,0.0
f0,1270,3049,0.0,355.4,0.0,0.0,0.0,0.0
f0,1271,3054,0.0,30878.2,0.0,0.0,0.0,0.0
f0,1272,3055,0.0,8660.2,0.001,0.1576,0.2924,0.5495
f0,1273,3059,0.0,924.8,0.0,0.0,0.0,0.0
f0,1274,3060,0.0,39805.5,0.0289,0.1437,0.167,0.2162
f0,1275,3061,0.0,5028.8,0.0,0.0,0.0,0.0
f0,1276,3062,0.0,7035.6,0.0107,0.2742,0.3092,0.374
f0,1277,3063,0.0,13120.8,0.0194,0.1415,0.1518,0.1882
f0,1278,3064,0.0,12528.8,0.0,0.1293,0.1597,0.2055
f0,1279,3066,0.0,26710.0,0.0,0.0294,0.0626,0.1406
f0,1280,3067,0.0,22125.2,0.0,0.0,0.0,0.0
f0,1281,3068,0.0,44804.7,0.0016,0.0228,0.0332,0.0458
f0,1282,3069,0.0,3486.0,0.0,0.0,0.0,0.0
f0,1283,3070,0.0,3023.0,0.0,0.0,0.0,0.0
f0,1284,3071,0.0,2311.7,0.0,0.0,0.0,0.0
f0,1285,3073,0.0,76910.3,0.0083,0.0625,0.0738,0.0927
f0,1286,3074,0.0,8315.6,0.0004,0.0285,0.0354,0.1108
f0,1287,3077,0.0,237.5,0.0,0.0,0.0,0.0
f0,1288,3078,0.0,970.5,0.0,0.0,0.0,0.0897
f0,1289,3079,0.0,826.8,0.0,0.0,0.0,0.0
f0,1290,3085,0.0,5406.0,0.0,0.0,0.0,0.0
f0,1291,3086,0.0,663.6,0.0,0.0,0.0,0.0
f0,1292,3087,0.0,2603.9,0.0,0.0,0.0,0.0
f0,1293,3088,0.0,13836.9,0.0,0.0007,0.003,0.0111
f0,1294,3091,0.0,2035.1,0.0,0.0,0.0011,0.0398
f0,1295,3092,0.0,707.6,0.0,0.0014,0.0085,0.0721
f0,1296,3094,0.0,717.2,0.0,0.0046,0.0084,0.0502
f0,1297,3095,0.0,840.1,0.025,0.0357,0.05,0.1071
f0,1298,3096,0.0,872.4,0.0344,0.1444,0.1582,0.2407
f0,1299,3098,0.0,911.9,0.0296,0.2303,0.2435,0.2863
f0,1300,3099,0.0,942.4,0.0064,0.242,0.2674,0.3025
f0,1301,3101,0.0,1027.9,0.009,0.216,0.2423,0.3444
f0,1302,3102,0.0,962.4,0.0062,0.0842,0.2058,0.3835
f0,1303,3104,0.0,1092.9,0.0,0.1894,0.3377,0.4585
f0,1304,3105,0.0,782.9,0.0,0.0307,0.1073,0.1763
f0,1305,3107,0.0,736.4,0.0,0.0163,0.0326,0.1141
f0,1306,3108,0.0,725.3,0.0,0.0,0.0,0.0
f0,1307,3109,0.0,700.2,0.0,0.0171,0.0429,0.09
f0,1308,3110,0.0,15325.5,0.0016,0.1494,0.2992,0.5466
f0,1309,3111,0.0,18531.5,0.0,0.0,0.0,0.0
f0,1310,3114,0.0,3007.7,0.0,0.0,0.0,0.0
f0,1311,3117,0.0,4138.4,0.0,0.0,0.0,0.0
f0,1312,3118,0.0,3745.4,0.0,0.0,0.0,0.0
f0,1313,3122,0.0,569.4,0.0685,0.4374,0.6007,0.6956
f0,1314,3123,0.0,453.9,0.0021,0.3239,0.4826,0.6412
f0,1315,3124,0.0,14062.7,0.0,0.0256,0.035,0.0559
f0,1316,3125,0.0,25418.4,0.0,0.0401,0.0536,0.0869
f0,1317,3126,0.0,37799.7,0.0037,0.0333,0.0432,0.063
f0,1318,3127,0.0,22249.1,0.0123,0.1312,0.1566,0.1922
f0,1319,3128,0.0,10189.0,0.0,0.0,0.0,0.0006
f0,1320,3129,0.0,2011.5,0.0,0.0002,0.0002,0.0104
f0,1321,3130,0.0,2007.0,0.0,0.0034,0.009,0.0404
f0,1322,3131,0.0,2018.4,0.0,0.0134,0.0357,0.0743
f0,1323,3132,0.0,2109.1,0.0,0.027,0.0526,0.0726
f0,1324,3133,0.0,2626.0,0.0,0.0114,0.0194,0.024
f0,1325,3134,0.0,2268.4,0.0,0.0,0.0016,0.0291
f0,1326,3135,0.0,2125.4,0.0,0.0,0.0113,0.0536
f0,1327,3136,0.0,2212.6,0.0,0.0027,0.0068,0.0787
f0,1328,3137,0.0,2351.0,0.0,0.0026,0.0038,0.0536
f0,1329,3138,0.0,13268.1,0.0,0.0,0.0,0.0
f0,1330,3141,0.0,14501.5,0.0,0.0,0.0,0.0
f0,1331,3142,0.0,14568.1,0.0,0.0,0.0,0.0
f0,1332,3143,0.0,16768.6,0.0,0.0,0.0,0.0
f0,1333,3150,0.0,14397.0,0.0,0.0,0.0,0.0
f0,1334,3151,0.0,2629.8,0.0,0.0,0.0,0.0
f0,1335,3153,0.0,23989.7,0.0028,0.0065,0.0083,0.0146
f0,1336,3156,0.0,35921.4,0.0134,0.1548,0.1749,0.2131
f0,1337,3160,0.0,10282.7,0.0,0.0,0.0003,0.0155
f0,1338,3161,0.0,15735.3,0.0,0.0,0.0,0.0
f0,1339,3162,0.0,2977.5,0.0,0.0,0.0,0.0
f0,1340,3163,0.0,13961.9,0.0752,0.1829,0.1913,0.2072
f0,1341,3167,0.0,13136.9,0.0,0.0,0.0,0.0
f0,1342,3171,0.0,39941.2,0.0086,0.0246,0.0318,0.09
f0,1343,3172,0.0,8527.1,0.0,0.0007,0.0046,0.0229
f0,1344,3173,0.0,22290.1,0.0,0.0,0.0,0.0
f0,1345,3174,0.0,112553.3,0.0,0.0,0.0,0.0
f0,1346,3176,0.0,6838.8,0.0,0.0004,0.0013,0.0171
f0,1347,3177,0.0,1178.6,0.0,0.0,0.0,0.0
f0,1348,3182,0.0,0.0,0.0,0.0,0.0,0.0
f0,1349,3188,0.0,36474.0,0.0035,0.1304,0.2139,0.3452
f0,1350,3196,0.0,5289.4,0.0,0.0,0.0,0.0
f0,1351,3199,0.0,6916.9,0.0,0.0,0.0,0.0
f0,1352,3201,0.0,656.3,0.0,0.0,0.0,0.0
f0,1353,3203,0.0,1059.6,0.051,0.0736,0.1416,0.2888
f0,1354,3212,0.0,0.0,0.0,0.0,0.0,0.0
f0,1355,3215,0.0,3619.0,0.0,0.0,0.0,0.0
f0,1356,3216,0.0,0.0,0.0,0.0,0.0,0.0
f0,1357,3221,0.0,18787.4,0.0,0.0,0.0,0.0
