xid,wse_sB_0020_1218,wse_sB_0100_1218,wse_sB_0200_1218,wse_sB_0500_1218
1,0.0,0.0,0.0,0.0
3,0.0,0.0222,0.0781,0.1699
20,0.0,0.0,0.0,0.0
22,0.0,0.0,0.0,0.0
26,0.0,0.0,0.0,0.0
29,0.0,0.0,0.0,0.0
32,0.0,0.0,0.0,0.0
36,0.0,0.0,0.0,0.0
42,0.0,0.0426,0.1502,0.3573
44,0.0,0.0,0.0,0.0
48,0.0,0.0,0.0,0.0
49,0.0,0.0,0.0,0.0
61,0.0,0.0,0.0,0.0
64,0.0,0.0,0.0,0.0
66,0.0,0.0,0.0,0.0
68,0.0,0.0026,0.0098,0.0342
70,0.0,0.0,0.0,0.0
71,0.0,0.0,0.0,0.0
89,0.0,0.0,0.0,0.0
104,0.0,0.0,0.0,0.0
105,0.0,0.0,0.0,0.0
116,0.0,0.0002,0.0003,0.0005
117,0.0,0.0,0.0,0.0
128,0.0,0.0,0.0,0.0
132,0.0,0.0,0.0,0.0
142,0.0,0.0,0.0,0.0
143,0.0,0.0,0.0,0.0
192,0.0,0.0,0.0,0.0
193,0.0,0.0,0.0,0.0
194,0.0,0.0,0.0,0.0
195,0.0,0.0,0.0,0.0
196,0.0,0.0,0.0,0.0
198,0.0,0.0,0.0,0.0
199,0.0,0.0,0.0,0.0
200,0.0,0.0,0.0,0.0
201,0.0,0.0,0.0,0.0
202,0.0,0.0,0.0,0.0
204,0.0,0.0,0.0,0.0
205,0.0,0.0,0.0,0.0
207,0.0005,0.0012,0.0013,0.0073
208,0.0066,0.0237,0.0355,0.0592
209,0.0,0.0,0.0,0.0
211,0.0,0.0,0.0,0.0
212,0.0,0.0,0.0026,0.2439
226,0.0,0.0,0.0,0.0051
227,0.0,0.0,0.0,0.0
230,0.0,0.0,0.0,0.0
231,0.0,0.0,0.0,0.0
232,0.0,0.0,0.0,0.0
273,0.0,0.0,0.0,0.0
277,0.0,0.0009,0.0019,0.0028
279,0.0001,0.2451,0.375,0.5961
280,0.0007,0.7254,0.8494,0.9821
281,0.0,0.0,0.0,0.0
283,0.0,0.0,0.0,0.0
310,0.0,0.0,0.0,0.0
311,0.0,0.0,0.0,0.0
312,0.0,0.0,0.0,0.0
313,0.0,0.0,0.0,0.0
318,0.0,0.0,0.0,0.0
320,0.0,0.0,0.0,0.0062
321,0.0,0.0,0.0,0.0
322,0.0,0.0,0.0,0.0
323,0.0,0.0,0.0,0.0
324,0.0,0.0,0.0,0.0
328,0.0,0.0,0.0,0.0
329,0.1044,0.1269,0.1326,0.1467
332,0.0,0.0,0.0,0.0
334,0.0,0.0,0.0,0.0
335,0.0,0.0,0.0,0.0
336,0.0,0.0,0.0,0.0
339,0.0,0.0,0.0,0.0
342,0.3301,0.4825,0.5809,0.6126
343,0.0,0.1329,0.2644,0.3383
345,0.0,0.0,0.0,0.0
346,0.0,0.0,0.0,0.0
348,0.0,0.0,0.0,0.0
349,0.0089,0.044,0.1184,0.2419
350,0.1639,0.3003,0.4802,0.6702
354,0.9632,0.9956,1.0,1.0
356,0.0,0.0088,0.0351,0.1704
358,0.016,0.0171,0.0202,0.0244
359,0.0,0.0,0.0,0.0
360,0.001,0.0012,0.0,0.0031
361,0.0,0.0,0.0,0.0
363,1.0,1.0,1.0,1.0
364,0.4868,0.7299,0.8506,0.9269
365,0.0,0.0,0.0,0.0
367,0.7994,0.8886,0.9596,0.9718
369,0.0,0.0,0.0,0.0
370,0.0,0.0,0.0,0.0
371,0.0,0.0,0.0,0.0
372,0.0,0.0,0.0,0.0
374,0.619,0.7915,0.8928,0.9078
375,0.0,0.0,0.0,0.0
376,0.0,0.0358,0.1265,0.1788
378,0.0006,0.0077,0.0,0.0153
379,0.486,0.7646,0.882,0.9576
380,0.0,0.0,0.0,0.0
383,0.059,0.0993,0.3119,0.54
384,0.0,0.0,0.0,0.0
388,0.0,0.0,0.0,0.0
390,0.0846,0.1412,0.1954,0.2864
391,0.2417,0.5307,0.7238,0.7355
393,0.0,0.0,0.0,0.0
394,0.0,0.0,0.0,0.0
395,0.0,0.0,0.0,0.0
396,0.0,0.0,0.0,0.0
398,0.0,0.0,0.0,0.0
400,0.0,0.0,0.0,0.0
402,0.0,0.0,0.0,0.0
404,0.0,0.0,0.0,0.0
406,0.0,0.0,0.0,0.0
407,0.0,0.0,0.0,0.0
408,0.2331,0.4006,0.5409,0.7102
409,0.0,0.0,0.0,0.0
410,0.0,0.0,0.0,0.0
411,0.0,0.0,0.0,0.0
417,0.4802,0.7001,0.8336,0.8725
418,0.0,0.0,0.0,0.0
419,0.0,0.0,0.0038,0.0261
420,0.0,0.0,0.0,0.0
421,0.7511,0.8302,0.8591,0.8642
422,0.0,0.0,0.0,0.0
425,0.0122,0.0202,0.0214,0.0218
428,0.5326,0.6645,0.8014,0.891
430,0.0,0.0,0.0,0.0
432,0.0,0.0,0.0,0.0
433,0.0,0.0,0.0,0.0
434,0.0,0.0,0.0,0.0
435,0.0773,0.0985,0.1636,0.3995
436,0.7198,0.8988,0.969,0.9982
438,0.0277,0.1855,0.4734,0.6526
439,0.0,0.0,0.0,0.0
440,0.0,0.0,0.0,0.0
442,0.0,0.0,0.0,0.0
444,1.0,1.0,1.0,1.0
447,0.997,0.9977,0.9985,0.9985
449,0.0,0.0,0.0,0.0
450,0.9795,0.9795,0.9795,0.9795
452,0.0,0.0,0.0,0.0
457,0.0,0.0,0.0,0.0
466,0.0,0.0,0.0,0.0
467,0.0,0.0,0.0,0.0
469,0.0,0.0,0.0,0.0
470,0.0946,0.191,0.357,0.6011
472,0.0,0.0,0.0,0.0
475,0.9683,0.9937,0.9937,0.9937
476,0.0,0.0,0.0,0.0
478,0.0,0.0014,0.0053,0.018
480,0.0,0.0,0.0,0.0
482,0.0,0.0,0.0,0.0
483,0.0,0.0,0.0,0.0
484,0.0,0.0,0.0,0.0
485,0.0,0.0,0.0,0.0
489,0.9489,0.9686,0.976,0.976
491,0.0082,0.0299,0.1007,0.1965
492,0.278,0.6009,0.8456,0.9532
494,0.686,0.9396,0.9925,0.9925
496,0.0,0.0,0.0,0.0
500,0.0,0.0,0.0,0.0
502,0.0,0.0,0.0,0.0
508,0.0018,0.0036,0.0037,0.0037
509,0.0,0.0,0.0,0.0
511,0.0,0.0,0.0,0.0
512,0.0,0.0,0.0,0.0
513,0.0,0.0,0.0,0.0
516,0.0,0.0,0.0,0.0
519,0.608,0.9555,0.9704,0.9828
521,0.0,0.0,0.0,0.0
522,0.0,0.0,0.0,0.0
525,0.2233,0.3442,0.5721,0.7116
527,0.0,0.0,0.0,0.0
528,0.9871,0.9962,0.9962,0.9962
530,0.0,0.0,0.0,0.0
533,0.9959,0.9986,0.9992,0.9992
534,0.037,0.1004,0.2042,0.3291
537,0.6333,0.6983,0.7466,0.7763
540,0.9436,0.9895,0.9964,0.9964
542,0.0048,0.0434,0.1591,0.2507
545,0.0,0.0,0.0,0.0
546,0.0,0.0012,0.0156,0.0571
547,0.5653,0.7102,0.8093,0.8872
548,0.0,0.0,0.0,0.0
551,0.0,0.0,0.0,0.0
552,0.5304,0.6006,0.6545,0.6948
553,0.0,0.0125,0.0835,0.1504
554,0.0158,0.0581,0.1453,0.2139
555,1.0,1.0,1.0,1.0
556,0.0,0.0,0.0,0.0
559,0.0,0.0,0.0,0.0
562,0.0,0.0,0.0,0.0
566,0.0,0.0003,0.0003,0.0023
568,0.0,0.0,0.0,0.0
570,0.0,0.0033,0.0914,0.1958
571,0.2777,0.5384,0.7566,0.8331
572,0.0,0.0,0.0,0.0
575,0.0,0.0,0.0,0.0
577,0.0,0.0,0.0,0.0
580,0.5371,0.7331,0.8344,0.929
581,0.0029,0.5728,0.7834,0.885
583,0.0,0.0,0.0,0.0012
585,0.0,0.0,0.0,0.0
587,0.0,0.0,0.0,0.0
588,0.0,0.0,0.0,0.0
589,0.0388,0.0646,0.0801,0.0878
591,0.0,0.0,0.0,0.0
592,0.5053,0.6617,0.7971,0.8962
594,0.0003,0.0003,0.0003,0.0004
595,0.0,0.0,0.0037,0.011
599,0.0242,0.1107,0.3217,0.6019
601,0.0,0.0,0.0036,0.2531
606,0.0,0.0,0.0,0.0
608,0.0,0.0002,0.0005,0.0006
609,0.0,0.0,0.0,0.0
611,0.2454,0.3163,0.3681,0.3974
613,0.0,0.0,0.0,0.0
615,0.0,0.0,0.0,0.0006
616,0.0,0.0,0.0106,0.0299
618,0.4235,0.6611,0.9002,0.9922
619,0.0,0.0,0.0,0.0
620,0.0,0.0,0.0,0.0
621,0.0,0.0,0.0,0.0
623,0.0,0.0,0.0,0.0
624,0.0,0.0,0.0,0.0
626,0.0,0.0,0.0,0.0
629,0.0,0.0,0.0,0.0
630,0.3746,0.6803,0.8483,0.9196
631,0.0,0.0,0.0,0.0
634,0.8923,1.0,1.0,1.0
635,0.0,0.0,0.0,0.0
636,0.0,0.0,0.0,0.0
638,0.0,0.0,0.0,0.0
640,0.4062,0.5323,0.6357,0.777
641,0.0,0.0,0.0,0.0
642,0.0,0.0,0.0,0.0
645,0.8272,0.8703,0.9198,0.9651
647,0.091,0.1599,0.1943,0.2017
651,0.0948,0.232,0.3773,0.5145
654,0.5234,0.6772,0.71,0.7152
657,0.0,0.0,0.0,0.0
659,0.0,0.0,0.0,0.0
660,1.0,1.0,1.0,1.0
661,0.0,0.0,0.0,0.0
665,0.0,0.0,0.0,0.0
666,0.0,0.0,0.0,0.0
667,0.0,0.0,0.0,0.0
668,0.117,0.2548,0.4265,0.5739
669,0.6492,0.7625,0.8255,0.8696
672,0.0,0.0,0.0,0.0
673,0.0,0.0,0.0009,0.0021
677,0.8757,0.9789,0.9789,0.9817
679,0.5054,0.8336,0.9696,0.999
680,0.1919,0.2624,0.3231,0.3877
681,0.0254,0.0305,0.0315,0.0376
682,0.9983,0.9983,0.9983,0.9983
684,0.0,0.0,0.0,0.0
685,0.013,0.013,0.013,0.013
686,0.0,0.0,0.0,0.0
690,0.0,0.0,0.0,0.0
691,0.3918,0.606,0.7921,0.9534
692,0.3285,0.4246,0.5547,0.6338
693,0.0,0.0,0.0,0.0
694,0.3331,0.6078,0.8135,0.9002
695,0.6522,0.9896,1.0,1.0
697,0.0,0.0,0.0,0.0
702,0.0,0.0,0.0,0.0
704,0.8529,0.9771,0.9987,1.0
705,0.998,0.998,0.998,0.998
713,0.0,0.0,0.0,0.0
715,0.0,0.0,0.0,0.0
716,0.0,0.0,0.0,0.0
720,0.0,0.0,0.0,0.0
722,0.0,0.0,0.0,0.0
723,0.0,0.0,0.0,0.0
725,0.0,0.0,0.0,0.0008
726,0.0,0.0,0.001,0.014
730,0.0,0.0,0.0,0.0
734,0.9989,0.9989,0.9989,0.9989
735,0.1868,0.3051,0.3526,0.3963
736,0.0,0.0,0.0,0.0
738,0.0,0.0,0.0,0.0
743,0.0,0.0,0.0,0.0
745,0.0,0.0,0.0,0.0
746,0.0,0.0,0.0,0.0
748,0.0,0.0,0.0,0.0
749,0.4155,0.5894,0.6788,0.7368
750,0.0,0.0,0.0,0.0
754,0.0095,0.0599,0.2049,0.3661
756,0.3746,0.6243,0.7064,0.7722
759,0.0,0.0024,0.0103,0.0226
760,0.0,0.0,0.0,0.0
761,0.0,0.0,0.0,0.0
763,0.0,0.0,0.0,0.0
769,1.0,1.0,1.0,1.0
770,0.4721,0.5855,0.6893,0.7932
771,0.0,0.0,0.0,0.0
776,0.0,0.0,0.0,0.0
777,0.0,0.0,0.0,0.0
780,0.0,0.0,0.0,0.0
781,0.0,0.0,0.0,0.0
784,0.0,0.0,0.0027,0.0109
786,0.0,0.0,0.0,0.0
789,0.9822,1.0,1.0,1.0
791,0.0,0.0,0.0,0.0
793,0.0,0.0,0.0,0.0
794,0.0,0.0,0.0,0.0
795,0.2889,0.494,0.6911,0.8472
796,0.0,0.0,0.0,0.0
798,0.0,0.0,0.0,0.0
799,0.0,0.0,0.0,0.0
800,0.0013,0.0025,0.0025,0.003
803,0.0,0.0,0.0,0.0
806,0.0,0.0,0.0,0.0
812,0.0,0.0,0.0,0.0
813,0.0,0.0,0.0,0.0
816,0.0,0.0,0.0,0.0
819,0.6792,0.9691,0.9951,0.9985
822,0.0,0.0,0.0,0.0
823,0.0,0.0,0.0,0.0
824,0.9142,0.9311,0.948,0.9582
825,0.5405,0.6594,0.8046,0.9535
826,0.9123,0.9123,0.9488,0.9671
828,0.0,0.0,0.0,0.0
830,0.0006,0.0092,0.0171,0.0198
832,0.0,0.0,0.0,0.0
836,0.0,0.0,0.2431,0.4168
839,0.0,0.0,0.0,0.0
843,0.6877,0.7442,0.8334,0.9239
847,0.0,0.0,0.0,0.0
849,0.9912,0.9912,0.9912,0.9912
850,0.0,0.0,0.0,0.0
851,0.0,0.0,0.0,0.0
858,0.0,0.0,0.0,0.0
859,0.0,0.0,0.0,0.0
861,0.0,0.0,0.0,0.0
866,0.0,0.0,0.0,0.0
870,0.0,0.0,0.0,0.0
872,0.696,0.7696,0.8768,0.942
879,0.0,0.0,0.0033,0.0601
880,0.0,0.0,0.0,0.0
881,0.9575,0.9946,0.9984,0.9998
884,0.0,0.0,0.0,0.0
885,0.9638,0.999,0.999,0.999
886,0.0,0.0,0.0,0.0
887,0.0,0.0,0.0,0.0
890,0.0,0.0,0.0,0.0
892,0.0,0.0,0.0,0.0
893,0.0,0.0,0.0,0.0
896,0.0,0.0,0.0,0.0
897,0.0,0.0,0.0,0.0
898,0.0,0.0,0.0,0.0
899,0.2738,0.4412,0.5578,0.6357
900,0.001,0.0015,0.0019,0.0051
901,0.0,0.0,0.0,0.0
904,0.1669,0.5716,0.7614,0.849
906,0.0106,0.0329,0.0513,0.0726
907,0.9733,0.9942,0.9973,0.9973
910,0.0,0.0,0.0,0.0
911,0.0,0.0,0.0,0.0
912,0.9602,0.992,0.9988,1.0
913,0.0,0.0499,0.1331,0.1892
914,0.9975,1.0,1.0,1.0
916,0.0,0.0,0.0,0.0
917,0.041,0.2872,0.6667,0.8411
924,0.0,0.0,0.0,0.0
925,0.051,0.4506,0.7057,0.8177
926,0.7285,0.9207,0.9766,0.9984
927,0.0,0.0,0.0,0.0
929,0.0,0.0,0.0,0.0
938,0.0,0.0,0.0,0.0
943,0.0,0.0,0.0,0.0
944,0.0,0.0014,0.0325,0.1361
947,0.0,0.0,0.0,0.0
948,0.0,0.0,0.0,0.0
949,0.0,0.0,0.0,0.0
957,0.0,0.0,0.0,0.0053
962,0.0,0.0,0.0,0.0
964,0.0,0.0,0.0,0.0
965,0.0231,0.0432,0.1052,0.1542
968,0.0,0.0,0.0,0.0
969,0.1835,0.5036,0.8798,0.9826
970,0.0,0.0,0.1439,0.3271
974,0.0,0.0,0.0,0.0
975,0.0,0.0,0.0,0.0
976,0.0463,0.1812,0.2853,0.3919
978,0.6724,0.7103,0.7245,0.7481
979,0.8773,0.9181,0.945,0.9622
980,0.5435,0.7889,0.9159,0.9644
983,0.0,0.0,0.0,0.0
984,0.5138,0.7316,0.8404,0.884
985,0.0,0.0,0.0,0.0
986,0.0,0.0,0.0,0.0
987,0.1009,0.2232,0.339,0.3593
988,0.3058,0.3998,0.4529,0.5061
989,0.0,0.0,0.0,0.0
990,0.0,0.0,0.0,0.0
991,0.0,0.0,0.0,0.0
992,0.0,0.0,0.0,0.0
993,0.0,0.0,0.0,0.0
998,0.0,0.1735,0.9833,1.0
999,0.0,0.074,0.1965,0.3149
1000,0.0,0.0,0.0,0.0064
1001,0.0,0.0,0.0,0.0
1002,0.0,0.0,0.0,0.0
1003,0.0,0.0,0.0,0.0
1005,0.0,0.0,0.0,0.0
1006,0.0,0.0,0.0,0.0
1020,0.0,0.0,0.0,0.0
1021,0.0,0.0,0.0,0.0
1022,0.0,0.0,0.0,0.0
1027,0.0,0.0,0.0,0.0
1028,0.0,0.0,0.0,0.0
1036,0.0,0.0,0.0,0.0
1038,0.0,0.0,0.0,0.0
1040,0.0,0.0,0.0,0.0
1041,0.0,0.0112,0.028,0.0448
1042,0.0,0.0,0.0,0.0
1043,0.0,0.0,0.0,0.0
1044,0.0,0.0,0.0,0.0
1045,0.0,0.0,0.0,0.0
1093,0.0,0.0,0.0,0.0
1137,0.0,0.0,0.0,0.0
1139,0.0048,0.0461,0.0691,0.1151
1140,0.12,0.225,0.2701,0.3001
1141,0.0839,0.2098,0.267,0.3318
1142,0.0,0.0,0.0,0.0
1143,0.0519,0.1883,0.2532,0.3506
1187,0.0,0.0,0.0,0.0
1190,0.0,0.0,0.0,0.0
1191,0.0,0.0,0.0,0.0
1192,0.0,0.0,0.0,0.0
1193,0.0,0.0,0.0,0.0
1194,0.0,0.0,0.0,0.0
1195,0.0,0.0,0.0,0.0
1196,0.0,0.0,0.0,0.0
1222,0.0,0.0,0.0,0.0
1223,0.0,0.0,0.0,0.0
1224,0.0,0.0,0.0,0.0
1225,0.0,0.0,0.0,0.0
1226,0.0,0.0,0.0,0.0
1227,0.0,0.0,0.0,0.0
1228,0.0,0.0,0.0,0.0
1230,0.0,0.0,0.0,0.0
1231,0.0,0.0,0.0,0.0
1240,0.0,0.0,0.0,0.0
1249,0.0044,0.015,0.0474,0.0723
1250,0.0,0.0,0.0,0.0
1251,0.0,0.0,0.0,0.0
1254,0.0,0.0,0.0,0.0
1255,0.0,0.0,0.0,0.0
1257,0.0,0.0,0.0,0.0
1258,0.0,0.0,0.0,0.0
1259,0.0,0.0,0.0,0.0
1273,0.0,0.0,0.0,0.0
1277,0.0,0.0,0.0,0.0
1279,0.0,0.0,0.0,0.0
1280,0.0,0.0,0.0,0.0
1281,0.0,0.0,0.0,0.0
1282,0.0,0.0,0.0,0.0
1286,0.0,0.0,0.0,0.0
1287,0.0,0.0,0.0,0.0
1289,0.0,0.0,0.0,0.0
1296,0.0,0.0,0.0,0.0
1300,0.0,0.0,0.0,0.0
1304,0.0,0.0,0.0,0.0
1305,0.0,0.0,0.0,0.0
1309,0.0,0.0,0.0,0.0
1310,0.0,0.0,0.0,0.0
1311,0.0,0.0,0.0,0.0
1313,0.0,0.0,0.0,0.0
1316,0.0,0.0,0.0,0.0
1318,0.0,0.0,0.0,0.0
1319,0.0,0.0,0.0,0.0
1320,0.0,0.0,0.0,0.0
1322,0.0,0.0,0.0,0.0
1323,0.0,0.0,0.0,0.0
1324,0.0,0.0,0.0,0.0
1325,0.0,0.0,0.0,0.0
1326,0.0,0.0,0.0,0.0
1328,0.0,0.0,0.0,0.0
1330,0.0,0.0,0.0,0.0
1333,0.0,0.0,0.0,0.0
1335,0.0,0.0,0.0,0.0
1339,0.0,0.0,0.0,0.0
1340,0.0,0.0,0.0,0.0
1341,0.0,0.0,0.0,0.0
1345,0.0,0.0,0.0,0.0
1346,0.0,0.0,0.0039,0.0601
1347,0.6884,1.0,1.0,1.0
1348,0.0025,0.0265,0.0513,0.0849
1349,0.0,0.0,0.0003,0.0006
1350,0.0,0.0,0.0,0.0
1351,0.0,0.0,0.0,0.0
1352,0.0,0.0,0.0,0.0
1353,0.0,0.0,0.0,0.0
1354,0.0,0.0,0.0,0.0
1355,0.0,0.0,0.0,0.0
1356,0.0,0.0,0.0,0.0011
1357,0.0,0.0,0.0,0.0
1358,0.0631,0.0861,0.1147,0.1492
1359,0.0,0.0,0.0,0.0
1360,0.1387,0.2711,0.2963,0.2963
1361,0.0072,0.018,0.0216,0.0323
1366,0.0143,0.0285,0.0428,0.0499
1367,0.0,0.0,0.0,0.0
1368,0.0,0.0,0.0,0.0
1369,0.0,0.0,0.0,0.0
1370,0.0,0.0,0.0,0.0
1371,0.0,0.0,0.0,0.0
1373,0.0,0.0,0.0,0.0
1374,0.0,0.0,0.0,0.0
1375,0.0,0.0,0.0,0.0
1376,0.0,0.0,0.0,0.0
1377,0.0,0.0,0.0,0.0
1380,0.0271,0.1625,0.2438,0.3115
1381,0.4559,0.6141,0.6668,0.7045
1382,0.6068,0.7473,0.7895,0.7923
1383,0.0,0.0,0.0,0.0
1384,0.6156,0.8921,0.9298,0.9674
1385,0.0,0.0,0.0011,0.0095
1386,0.0,0.0,0.0,0.0
1387,0.0,0.0,0.0002,0.0044
1388,0.0,0.0,0.0,0.0
1389,0.7992,0.9695,0.9826,0.9826
1390,0.121,0.2017,0.242,0.2823
1391,0.0,0.0,0.0,0.0
1392,0.0,0.0,0.0,0.0
1393,0.0,0.0,0.0,0.0
1394,0.0,0.0,0.0,0.0
1395,0.0,0.0,0.0,0.0
1396,0.0146,0.0219,0.0437,0.051
1397,0.0,0.0,0.0,0.0
1398,0.0,0.0,0.0,0.0
1399,0.0116,0.0264,0.0397,0.0446
1400,0.4575,0.5536,0.6205,0.6435
1443,0.0,0.0,0.0,0.0
1446,0.0,0.0,0.0072,0.0076
1447,0.0,0.0,0.0,0.0
1448,0.8122,0.8258,0.844,0.8508
1450,0.0,0.0,0.0,0.0
1452,0.0,0.0002,0.021,0.035
1453,0.9437,0.9614,0.9614,0.9614
1454,0.4225,0.4578,0.493,0.5282
1455,0.0,0.0,0.0,0.0
1456,0.2185,0.437,0.5146,0.5639
1458,0.1422,0.2086,0.275,0.294
1459,0.0015,0.0018,0.0024,0.0035
1461,0.0,0.0,0.0,0.0
1463,0.0,0.0,0.0,0.0
1464,0.0,0.0,0.0,0.0
1465,0.0,0.0,0.0,0.0
1470,0.0,0.0,0.0,0.0
1476,0.0,0.0,0.0,0.0
1529,0.0,0.0,0.0,0.0
1537,0.0,0.0,0.0,0.0
1538,0.0965,0.2508,0.5616,0.6109
1539,0.0,0.0,0.0,0.0026
1542,0.0,0.0735,0.2941,0.4412
1543,0.0292,0.0876,0.2191,0.2873
1552,0.0,0.0,0.0,0.0
1553,0.0,0.0,0.0,0.0
1554,0.0,0.0,0.0,0.0
1557,0.0,0.0,0.0,0.0
1558,0.0,0.0,0.0,0.0
1559,0.0,0.0,0.0,0.0
1560,0.0,0.0,0.0,0.0
1561,0.0,0.0,0.0,0.0028
1562,0.0,0.0,0.0,0.0
1563,0.0,0.0,0.0,0.0
1564,0.0,0.0,0.0,0.0
1565,0.0,0.0,0.0,0.0
1566,0.4889,0.5355,0.5355,0.5355
1568,0.0,0.0,0.0,0.0
1569,0.0,0.0,0.0,0.0
1570,0.0192,0.0288,0.0384,0.048
1571,0.9022,0.9667,0.9766,0.9816
1572,0.0,0.0,0.0,0.0
1574,0.0,0.0,0.0,0.0
1575,0.0,0.0,0.0,0.0
1577,0.0,0.0,0.0,0.0
1580,0.0,0.0,0.0,0.0
1581,0.0002,0.0002,0.0281,0.0421
1582,0.0,0.006,0.0239,0.0508
1583,0.056,0.1579,0.3514,0.4889
1584,0.7346,0.8759,0.9324,0.9324
1585,0.0,0.0,0.0,0.0
1586,0.0,0.0,0.0,0.0
1587,0.0,0.0,0.0,0.0
1588,0.0985,0.1408,0.1971,0.1971
1589,0.0623,0.09,0.1246,0.1523
1590,0.0023,0.0882,0.1372,0.2254
1591,0.0287,0.1146,0.1624,0.2101
1596,0.0313,0.3597,0.8132,1.0
1597,0.0,0.6069,1.0,1.0
1598,0.0007,0.3979,0.9947,0.9947
1599,0.0077,0.5409,0.9015,0.9616
1600,0.1011,0.7079,0.9608,0.9608
1601,0.999,0.999,0.999,0.999
1602,0.0,0.0,0.0,0.0
1604,0.0,0.0,0.0,0.0
1605,0.0,0.0,0.0,0.0
1608,0.0,0.0,0.0,0.0
1615,0.0,0.0,0.0,0.0
1616,0.0,0.0,0.0,0.0
1617,0.0,0.0,0.0,0.0
1618,0.0,0.0,0.0,0.0
1619,0.0,0.0,0.0,0.0
1620,0.0,0.0,0.0,0.0
1621,0.0,0.0,0.0,0.0
1631,0.0164,0.2292,0.4966,0.8021
1632,0.1686,0.3533,0.6264,0.9074
1633,0.0889,0.2328,0.5313,0.7599
1634,0.0029,0.0366,0.1955,0.2932
1635,0.2192,0.3735,0.5032,0.6313
1636,0.5274,0.8141,0.9132,0.9628
1637,0.0,0.0133,0.0309,0.0309
1638,0.1003,0.2714,0.3777,0.4544
1639,0.0679,0.2272,0.3376,0.4332
1640,0.0269,0.2597,0.4746,0.6537
1641,0.0163,0.1813,0.4253,0.5508
1642,0.0,0.0,0.0,0.0
1643,0.0,0.0,0.0,0.0
1644,0.0,0.0,0.0,0.0
1646,0.0,0.0,0.0,0.0
1647,0.0,0.0,0.0,0.0
1648,0.0,0.0,0.0,0.0
1688,0.0,0.0,0.0,0.0
1689,0.0,0.0,0.0,0.0
1690,0.0,0.0,0.0,0.0
1692,0.0,0.0,0.0,0.0
1726,0.0,0.0,0.0,0.0
1727,0.0,0.0,0.0,0.0
1728,0.0,0.0,0.0,0.0
1731,0.0,0.0,0.0,0.0
1734,0.1778,0.371,0.5254,0.6197
1735,0.0103,0.0438,0.0721,0.0876
1736,0.0,0.0,0.0,0.0
1737,0.0,0.0029,0.0671,0.38
1738,0.0017,0.0059,0.0073,0.0219
1739,0.0,0.0,0.0,0.0
1740,0.0,0.0,0.0,0.0
1741,0.0,0.0034,0.039,0.0521
1742,0.0,0.0099,0.4025,0.6541
1743,0.2642,0.4864,0.6751,0.8135
1744,0.0,0.0,0.0,0.0
1745,0.0,0.0,0.0,0.0
1746,0.0116,0.0149,0.031,0.0619
1747,0.0,0.0,0.0,0.0
1748,0.0,0.0,0.0,0.0
1749,0.0,0.0,0.0,0.0
1750,0.0,0.0,0.0,0.0
1751,0.0,0.0,0.0,0.0
1752,0.0,0.0,0.0,0.0
1753,0.0,0.0,0.0,0.0
1754,0.0,0.0,0.0,0.0
1755,0.0,0.0,0.0,0.0
1756,0.0,0.0,0.0,0.0
1757,0.0,0.0,0.0,0.0
1767,0.0,0.0,0.0,0.0
1769,0.0,0.0,0.0,0.0
1770,0.0,0.0,0.0,0.0
1771,0.0,0.0,0.0,0.0
1772,0.0,0.0,0.0,0.0
1773,0.0,0.0,0.0,0.0
1789,0.0672,0.2087,0.2901,0.3219
1790,0.0,0.0,0.0,0.0
1791,0.0,0.0,0.0,0.0
1794,0.0,0.0,0.0,0.0
1795,0.0,0.0,0.0,0.0
1796,0.0,0.0,0.0,0.0
1840,0.0,0.0,0.0,0.0
1841,0.0,0.0,0.0,0.0
1842,0.0,0.0,0.0,0.0
1843,0.0,0.0,0.0,0.0
1847,0.0,0.0,0.0,0.0
1848,0.0,0.0,0.0,0.0
1849,0.0,0.0,0.0,0.0
1850,0.0,0.0,0.0,0.0
1851,0.0,0.0,0.0,0.0
1855,0.0,0.0,0.0,0.0
1861,0.0,0.0,0.0,0.0
1862,0.0,0.0,0.0,0.0
1863,0.0,0.0,0.0,0.0
1864,0.0,0.0,0.0,0.0
1865,0.0,0.0,0.0,0.0
1867,0.0,0.0,0.0,0.0
1868,0.0,0.0,0.0,0.0
1869,0.0,0.0,0.0,0.0
1888,0.0,0.0,0.0,0.0
1891,0.0,0.0,0.0,0.0
1893,0.0,0.0,0.0,0.0
1894,0.0,0.0,0.0,0.0
1895,0.0,0.0,0.0,0.0
1896,0.0,0.0,0.0,0.0
1897,0.0,0.0,0.0,0.0
1898,0.1312,1.0,1.0,1.0
1899,0.8545,1.0,1.0,1.0
1900,1.0,1.0,1.0,1.0
1907,0.0,0.0,0.0,0.0
1909,0.0,0.0,0.0,0.0
1911,0.0,0.0,0.0,0.0
1912,0.0,0.0,0.0,0.0
1913,0.0,0.0,0.0,0.0
1914,0.0,0.0,0.0,0.0
1915,0.0,0.0,0.0,0.0
1917,0.9404,1.0,1.0,1.0
1922,1.0,1.0,1.0,1.0
1924,0.0,0.0,0.0,0.0
1925,0.0173,0.0173,0.0173,0.0173
1926,0.7185,0.9313,0.9313,0.9313
1929,0.0,0.0,0.0,0.0
1930,0.0,0.0,0.0,0.0
1931,0.0,0.0,0.0,0.0
1932,0.0,0.0,0.0,0.0
1933,0.0,0.0,0.0,0.0152
1934,0.0,0.0,0.0,0.0
1937,0.0,0.0,0.0,0.0
1938,0.0,0.0,0.0,0.0
1939,0.0,0.0,0.0,0.0
1940,0.0,0.0,0.0,0.0
1942,0.0,0.0,0.0,0.0
1943,0.0,0.0,0.0,0.0
1944,0.0,0.0,0.0,0.0
1945,0.0,0.0,0.0,0.0
1948,0.0023,0.0023,0.0046,0.0046
1949,0.0292,0.0676,0.1127,0.1804
1950,0.0,0.0,0.0,0.0
1951,0.0,0.0,0.0,0.0
1952,0.0,0.0,0.0,0.0
1953,0.0,0.0,0.0,0.0
1954,0.0,0.0,0.0,0.0
1955,0.0,0.0,0.0,0.0
1956,0.0,0.0,0.0,0.0
1957,0.0,0.0,0.0,0.0
1987,0.0,0.0,0.0,0.0
1989,0.0,0.0,0.0,0.0
1990,0.0,0.0,0.0,0.0
1992,0.0,0.0,0.0,0.0
1997,0.0,0.0,0.0,0.0
1998,0.0,0.0,0.0,0.0
1999,0.0,0.0,0.0,0.0
2000,0.0,0.0,0.0,0.0
2001,0.0,0.0,0.0,0.0
2003,0.0,0.0,0.0,0.0
2004,0.0,0.0,0.0,0.0
2005,0.0,0.0,0.0,0.0
2006,0.0,0.0,0.0,0.0
2007,0.0,0.0,0.0,0.0
2009,0.0,0.0,0.0,0.0
2010,0.0,0.0,0.0,0.0
2011,0.0,0.0,0.0,0.0
2019,0.0,0.0,0.0,0.0
2020,0.0,0.0,0.0,0.0
2021,0.0,0.0,0.0,0.0
2022,0.0,0.0,0.0,0.0
2023,0.0,0.0,0.0,0.0
2024,0.0,0.0,0.0,0.0
2025,0.0,0.0,0.0,0.0
2026,0.0,0.0,0.0,0.0
2027,0.0,0.0,0.0,0.0
2028,0.0,0.0,0.0,0.0
2029,0.0,0.0,0.0,0.0
2030,0.0,0.0,0.0,0.0
2031,0.0,0.0,0.0,0.0
2033,0.0,0.0,0.0,0.0
2034,0.0,0.0,0.0,0.0
2035,0.0,0.0,0.0,0.0
2036,0.0,0.0,0.0077,0.0433
2067,0.0,0.0,0.0,0.0
2068,0.0,0.0,0.0,0.0
2069,0.0,0.0,0.0,0.0
2072,0.0,0.0,0.0,0.0
2075,0.0,0.0,0.0,0.0
2076,0.0,0.0,0.0,0.0
2086,0.0,0.0,0.0,0.0
2088,0.0,0.0006,0.0011,0.0092
2090,0.0,0.0,0.0,0.0
2091,0.0,0.0,0.0,0.0
2092,0.0,0.0,0.0,0.0
2093,0.0,0.0,0.0,0.0
2094,0.0,0.0,0.0,0.0
2095,0.0,0.0,0.0,0.0
2096,0.0,0.0,0.0,0.0
2097,0.0,0.0,0.0,0.0
2098,0.0,0.0,0.0,0.0
2099,0.0,0.0,0.0,0.0
2100,0.0,0.0,0.0,0.0
2115,1.0,1.0,1.0,1.0
2116,0.9957,0.9967,0.9977,0.9977
2117,1.0,1.0,1.0,1.0
2118,1.0,1.0,1.0,1.0
2119,0.9894,0.9894,0.9894,0.9894
2120,0.9984,0.9984,0.9984,0.9984
2121,0.7948,0.8755,0.9041,0.9338
2122,0.0,0.0,0.0,0.0
2123,0.8771,0.9902,0.9997,0.9997
2124,0.7388,0.7804,0.7908,0.822
2125,0.2636,0.3256,0.4109,0.5349
2126,0.0,0.0002,0.0002,0.0002
2127,0.0,0.0,0.0,0.0
2128,0.021,0.4662,0.9449,1.0
2132,0.0188,0.0338,0.0526,0.0601
2133,0.0,0.0,0.0,0.0
2134,0.9082,0.9281,0.9281,0.9361
2135,0.019,0.0587,0.1125,0.1125
2136,0.7066,0.7605,0.7739,0.7739
2137,0.193,0.2322,0.2797,0.3441
2138,0.9617,0.9617,0.9617,0.9617
2139,0.0651,0.1173,0.1433,0.1954
2140,0.0,0.0,0.0,0.0
2141,0.0,0.0,0.0,0.0
2142,0.0,0.0,0.0,0.0
2144,0.0,0.0,0.0448,0.1457
2145,0.0039,0.0524,0.1978,0.3258
2147,0.0,0.0,0.0,0.0
2148,0.0,0.0,0.0034,0.027
2149,0.009,0.011,0.0136,0.0174
2150,0.0,0.0,0.0,0.0
2151,0.9106,0.972,0.9949,0.9966
2152,0.3278,0.6668,0.8477,0.9268
2153,0.0,0.0,0.0,0.0
2154,0.0,0.0,0.0,0.0
2155,0.0247,0.0448,0.0573,0.0869
2157,0.0,0.0,0.0,0.0
2160,0.0,0.0,0.0,0.0
2163,0.0,0.0,0.0,0.0
2164,0.0,0.0,0.0,0.0
2165,0.0,0.0,0.0,0.0
2166,0.0,0.0,0.0,0.0
2167,0.0,0.0,0.0,0.0
2169,0.0,0.2323,0.3614,0.4131
2170,0.0004,0.1601,0.4117,0.8005
2171,0.2131,0.513,0.7656,0.8682
2177,0.0,0.1167,0.1867,0.2568
2178,0.0,0.0016,0.0016,0.0016
2179,0.7706,0.8159,0.8613,0.8742
2180,0.0,0.0046,0.0081,0.0104
2181,1.0,1.0,1.0,1.0
2182,0.9908,0.9908,0.9908,0.9908
2183,0.2782,0.4593,0.5823,0.7569
2184,0.8519,0.8781,0.9147,0.946
2185,0.4203,0.5674,0.725,0.809
2186,0.9456,0.9921,0.9921,0.9921
2187,0.4526,0.6996,0.8764,0.9588
2188,0.0167,0.029,0.1191,0.2778
2189,0.3925,0.9609,0.988,0.988
2190,0.3093,0.406,0.5607,0.6573
2191,0.0,0.0015,0.2276,0.5438
2192,0.7854,0.9921,1.0,1.0
2193,0.4071,0.8467,0.9932,0.9932
2194,0.2983,0.5539,0.7143,0.782
2195,0.1914,0.3828,0.4858,0.6331
2196,0.3033,0.4931,0.5926,0.6736
2197,0.4956,0.7294,0.8464,0.8965
2198,0.9758,0.9824,0.9824,0.9824
2199,0.9897,0.9897,0.9943,0.9943
2200,0.6176,0.8253,0.8964,0.9565
2201,0.0096,0.0096,0.2273,0.2273
2202,0.0,0.1564,0.3545,0.4587
2203,0.0,0.0026,0.0033,0.0048
2204,0.0323,0.0968,0.1398,0.2365
2205,0.8603,1.0,1.0,1.0
2206,0.0,0.0,0.0,0.0
2207,0.0,0.0017,0.0017,0.006
2208,0.0,0.0,0.0,0.0
2209,0.0,0.0,0.0,0.0
2210,0.0426,0.1522,0.2861,0.4382
2211,0.0,0.0,0.0,0.0
2216,0.0,0.0,0.0,0.0
2259,0.0,0.0,0.0,0.0
2261,0.0,0.0,0.0,0.0
2262,0.0,0.0,0.0,0.0
2264,0.0,0.0,0.0,0.0
2265,0.6898,0.8136,0.8755,0.9227
2266,0.0,0.0,0.0,0.0
2267,0.0,0.0,0.0006,0.0197
2268,0.0,0.0,0.0,0.0
2269,0.0,0.0,0.0,0.0
2270,0.0,0.0,0.0,0.0
2271,0.0,0.0,0.0,0.0
2272,0.0,0.0,0.0,0.0
2273,0.0272,0.0421,0.0561,0.0701
2274,0.0,0.0,0.0,0.0
2275,0.9954,0.9954,0.9954,0.9954
2278,0.0,0.2903,0.6432,0.8026
2279,0.5575,0.9154,0.9877,0.9912
2280,0.0,0.0,0.0,0.0
2281,0.0,0.0,0.0,0.0
2282,0.0,0.0,0.0,0.0
2283,0.0,0.0,0.0,0.0
2284,0.0,0.0,0.0,0.0
2287,0.0,0.0,0.0,0.0
2288,0.0636,0.7073,0.9458,0.9616
2289,0.252,0.3025,0.3592,0.4537
2290,0.0,0.0,0.0,0.0
2291,0.9941,1.0,1.0,1.0
2292,0.0,0.0014,0.0014,0.0601
2293,0.0,0.0,0.0491,0.1193
2294,0.8006,0.893,0.9238,0.9392
2295,0.5004,0.8936,1.0,1.0
2296,0.9897,0.997,0.997,0.997
2297,0.9547,0.9661,0.9661,0.9661
2298,1.0,1.0,1.0,1.0
2299,1.0,1.0,1.0,1.0
2300,0.0,0.0,0.0,0.0
2301,0.0435,0.4686,0.6985,0.8361
2302,0.4575,0.7795,0.8981,0.9727
2303,0.719,0.9636,0.9895,1.0
2304,0.0205,0.445,0.7979,0.8849
2305,0.4234,0.7822,0.8396,0.9006
2306,0.0,0.0,0.0,0.0
2307,0.0,0.0,0.0,0.0
2308,0.0,0.0,0.0,0.0
2309,0.0,0.0,0.0,0.0
2310,0.0,0.0,0.0,0.0333
2311,0.0,0.0,0.0,0.0
2312,0.0,0.0,0.0,0.4088
2313,0.3995,0.5747,0.7197,0.821
2314,1.0,1.0,1.0,1.0
2315,0.0,0.0,0.0,0.0
2316,0.127,0.1616,0.1962,0.2193
2317,0.0006,0.0262,0.0524,0.1048
2318,0.0,0.0,0.0,0.0
2322,0.0,0.0,0.0,0.0
2324,0.0,0.0,0.0,0.0
2325,0.0242,0.0468,0.0468,0.0936
2326,0.1157,0.1251,0.1345,0.1626
2327,0.0,0.0,0.0,0.0
2328,0.0,0.0,0.0,0.0
2329,0.0,0.0,0.0,0.0
2354,0.0,0.0,0.0,0.0
2355,0.0,0.0,0.0,0.0
2361,0.0,0.0002,0.0653,0.2831
2362,0.0,0.0,0.0,0.0
2363,0.1367,0.214,0.2734,0.321
2364,1.0,1.0,1.0,1.0
2365,0.9877,0.9877,0.9877,0.9877
2366,1.0,1.0,1.0,1.0
2367,0.9996,0.9996,0.9996,0.9996
2368,0.9826,0.9912,0.9912,0.9912
2369,1.0,1.0,1.0,1.0
2370,0.0,0.0,0.0,0.0005
2371,0.0,0.0,0.0,0.0
2373,0.1727,0.2417,0.3415,0.3636
2384,1.0,1.0,1.0,1.0
2389,0.0,0.0,0.0,0.0
2390,0.0,0.0,0.0,0.0
2394,0.7341,0.8011,0.8446,0.8464
2395,0.2716,0.5146,0.6932,0.7075
2396,0.0,0.0,0.0,0.0
2398,0.0,0.0,0.0,0.0
2399,0.0,0.0,0.0,0.0
2402,0.0,0.0,0.0,0.0
2403,0.0,0.0,0.0,0.0
2404,0.0,0.0,0.0,0.0
2405,0.0,0.0,0.0,0.0
2406,0.0,0.0,0.0,0.0
2407,0.0,0.0,0.0,0.0
2408,0.0,0.0,0.0,0.0
2409,0.0,0.0,0.0,0.0
2411,0.0,0.0,0.0,0.0
2413,0.0,0.0,0.0,0.0
2414,0.0,0.0,0.0,0.0
2416,0.0,0.0,0.0,0.0
2417,0.0,0.0,0.0,0.0
2418,0.0,0.0,0.0,0.0
2421,0.0,0.0,0.0,0.0
2422,0.0,0.0,0.0,0.0
2423,0.0,0.0,0.0,0.0
2424,0.0,0.0,0.0,0.0
2425,0.0,0.0,0.0,0.0
2429,0.0,0.0,0.0,0.0
2430,0.0,0.0,0.0,0.0
2431,0.0,0.0,0.0,0.0
2432,0.0,0.0,0.0,0.0
2435,0.0,0.0,0.0,0.0
2436,0.0,0.0,0.0,0.0
2437,0.0,0.0,0.0,0.0
2438,0.0,0.0,0.0,0.0
2439,0.0,0.0,0.0,0.0
2440,0.0,0.0,0.0,0.0
2442,0.0,0.0,0.0,0.0
2443,0.0,0.0,0.0,0.0
2444,0.0,0.0,0.0,0.0
2445,0.0,0.0,0.0,0.0
2447,0.0,0.0,0.0,0.0
2448,0.0,0.0,0.0,0.0
2451,0.0,0.0,0.0,0.0
2452,0.0351,0.0436,0.0468,0.05
2453,0.0,0.0,0.0,0.0
2454,0.0,0.0,0.0,0.0
2455,0.0,0.0,0.0,0.0
2456,0.0,0.0,0.0,0.0
2457,0.0,0.0,0.0,0.0
2459,0.0008,0.0012,0.009,0.009
2460,0.0,0.0,0.0,0.0
2461,0.0,0.0,0.0,0.0
2462,0.0,0.0,0.0,0.0
2463,0.0,0.0,0.0,0.0
2465,0.0,0.0,0.0,0.0
2468,0.0,0.0,0.0,0.0
2469,0.0,0.0,0.0,0.0
2470,0.0,0.0,0.0,0.0
2471,0.0,0.0,0.0,0.0
2472,0.0,0.0,0.0,0.0
2473,0.0,0.0,0.0,0.0
2474,0.0,0.0,0.0,0.0
2475,0.0,0.0,0.0,0.0
2476,0.0,0.0,0.0,0.0
2477,0.0,0.0,0.0,0.0
2478,0.0,0.0,0.0,0.0
2479,0.0,0.1224,0.3569,0.4895
2481,0.2777,0.4106,0.5434,0.6642
2484,0.0147,0.6521,0.8496,0.8892
2485,0.0,0.0,0.0,0.0
2486,0.0,0.0,0.0,0.0
2487,0.0,0.0,0.0,0.0
2488,0.0,0.0,0.0,0.0
2489,0.0,0.0,0.0,0.0
2490,0.0,0.0,0.0,0.0
2491,0.0,0.0,0.0,0.0
2492,0.0,0.0,0.0,0.0
2493,0.0,0.0,0.0,0.0
2494,0.0,0.0,0.0,0.0
2495,0.0,0.0,0.0,0.0
2496,0.0,0.0,0.0,0.0
2500,0.0,0.0,0.0,0.0
2501,0.0,0.0,0.0,0.0
2512,0.0,0.0,0.0,0.0
2515,0.0,0.0,0.0,0.0
2516,0.0,0.0,0.0,0.0
2517,0.0,0.0,0.0,0.0
2518,0.0,0.0,0.0,0.0
2519,0.0,0.0,0.0,0.0
2520,0.0,0.0,0.0,0.0
2521,0.0,0.0,0.0,0.0
2522,0.0,0.0,0.0,0.0
2523,0.0,0.0,0.0,0.0
2526,0.0,0.0,0.0,0.0
2527,0.0099,0.1187,0.3857,0.4451
2528,0.0367,0.446,0.8814,1.0
2533,0.1811,0.3019,0.4679,0.6189
2535,0.0,0.0,0.0,0.0
2538,0.9116,0.9638,0.9899,0.9974
2539,0.0175,0.0651,0.1255,0.1461
2540,0.0,0.0,0.0,0.0
2549,0.0,0.0,0.0,0.0
2556,0.0,0.0,0.0,0.0
2561,0.0,0.0,0.0,0.0
2567,0.0,0.0,0.0,0.0
2577,0.0,0.0,0.0,0.0
2579,0.0,0.0,0.0,0.0
2580,0.1889,0.2164,0.2243,0.2361
2585,0.0,0.0,0.0,0.0
2586,0.0,0.0,0.0,0.0
2593,0.0001,0.0068,0.0,0.0098
2594,0.0,0.0,0.0,0.0
2595,0.0,0.0,0.0,0.0
2596,0.0,0.0,0.0,0.0
2597,0.0,0.0,0.0,0.0
2598,0.0,0.0,0.0,0.0
2599,0.0,0.0,0.0,0.0
2601,0.7924,0.8746,0.9062,0.916
2602,0.6971,0.8969,0.962,0.9724
2603,0.7515,0.9039,0.9912,0.9981
2606,0.0,0.0015,0.1033,0.319
2607,0.0878,0.259,0.3293,0.3666
2608,0.0,0.0309,0.1854,0.5716
2610,0.985,0.985,0.985,0.985
2611,0.0,0.0,0.0,0.0
2612,0.0,0.0,0.0,0.0
2613,0.0,0.0,0.0,0.0
2614,0.1982,0.2386,0.2569,0.2606
2616,0.0,0.0,0.0005,0.0036
2617,0.2959,0.4789,0.7047,0.8682
2618,0.5226,0.6595,0.6906,0.7404
2621,0.0112,0.6506,0.9675,0.9675
2623,0.0,0.8961,0.9545,0.974
2624,0.0,0.8408,1.0,1.0
2625,0.0,0.0,0.0,0.0
2631,0.0,0.0,0.0,0.0
2635,0.1204,0.2934,0.346,0.3836
2640,0.026,0.1012,0.2748,0.4194
2641,0.0,0.0,0.0,0.0
2642,0.0,0.0,0.0,0.0
2644,0.0207,0.0395,0.0494,0.0602
2647,0.0,0.0,0.0,0.0
2648,0.0,0.1419,0.5337,0.9289
2650,0.0,0.0,0.0,0.0
2652,0.0,0.0,0.0,0.0
2653,0.0,0.0,0.0,0.0
2655,0.0219,0.0453,0.0756,0.1662
2656,0.0,0.0,0.0,0.0
2657,0.0083,0.1217,0.1461,0.2435
2658,0.3673,0.6122,0.8862,0.9678
2659,0.6405,0.9842,1.0,1.0
2660,0.9676,0.9843,0.9843,0.9843
2662,0.0536,0.4077,0.6544,0.9011
2663,0.0982,0.6706,0.8263,0.9149
2664,0.0,0.0244,0.234,0.7176
2665,0.9325,0.9325,0.9325,0.9325
2666,0.0,0.0,0.0,0.0
2667,0.0,0.0,0.0,0.0
2668,0.0,0.0,0.0,0.0
2669,0.9774,0.9774,0.9987,0.9987
2672,0.0,0.0,0.0,0.0
2675,0.0,0.0,0.0,0.0
2677,0.0,0.0,0.0,0.0
2679,0.0,0.0,0.0,0.0
2680,0.0,0.0,0.0,0.0
2688,0.0,0.0,0.0,0.0
2689,0.0,0.0,0.6983,1.0
2690,0.0,0.0,0.0,0.0
2693,0.0,0.0,0.0,0.0
2694,0.0,0.0,0.0,0.0
2696,0.0,0.0,0.0,0.0
2701,0.0,0.0,0.0,0.0
2703,0.0016,0.0226,0.0264,0.0358
2704,0.0,0.0,0.0,0.0
2705,0.0,0.0,0.0,0.0
2708,0.0,0.0,0.0,0.0
2711,0.0,0.0,0.0,0.0
2712,0.0,0.4948,0.5539,0.615
2714,0.0,0.0,0.0,0.0
2718,0.0,0.0,0.0,0.0
2721,0.0,0.0366,0.0853,0.1829
2722,0.0,0.0,0.0,0.0
2723,0.0,0.0,0.0,0.0
2724,0.0,0.0,0.0,0.0
2726,0.0,0.0,0.0,0.0
2727,0.0,0.0073,0.0097,0.0146
2729,0.0,0.0,0.0,0.0
2733,0.0,0.0,0.0,0.0
2734,0.0,0.0,0.0,0.0
2735,0.0,0.0,0.0,0.0
2736,0.0,0.0128,0.011,0.0166
2737,0.0,0.0,0.0,0.0
2740,0.0914,0.2284,0.256,0.3024
2741,0.0,0.0,0.0,0.0
2745,0.0,0.0,0.0,0.0
2757,0.0,0.0081,0.0148,0.0283
2758,0.0,0.2037,0.2662,0.3674
2763,0.0,0.0,0.0,0.0
2764,0.0,0.0,0.0,0.0
2765,0.0,0.0,0.0,0.0
2766,0.0,0.0,0.0,0.0
2768,0.0,0.0,0.0,0.0
2772,0.0,0.0,0.0,0.0
2774,0.0,0.0,0.0,0.0
2776,0.0,0.0,0.0,0.0
2779,0.0,0.0,0.0,0.0
2781,0.0,0.0,0.0,0.0
2782,0.0,0.0893,0.1248,0.186
2783,0.0,0.0,0.0,0.0
2795,0.0036,0.0072,0.0083,0.0095
2796,0.0,0.0,0.0,0.0
2797,0.0,0.0,0.0,0.0
2801,0.0269,0.06,0.1077,0.1628
2802,0.0,0.0,0.0,0.0
2803,0.0,0.0,0.0,0.0
2804,0.0,0.0,0.0,0.0
2805,0.0,0.0,0.0,0.0
2806,0.0,0.0,0.0,0.0
2807,0.0,0.0,0.0,0.0
2808,0.0,0.0,0.0,0.0
2809,0.0,0.0,0.0,0.0
2811,0.0,0.0,0.0,0.0
2812,0.0,0.0408,0.0856,0.2056
2813,0.0,0.0002,0.0105,0.0582
2815,0.0,0.0,0.0,0.0
2816,0.0,0.0,0.0,0.0055
2817,0.0,0.0,0.0,0.0
2819,0.0,0.0263,0.0535,0.1393
2820,0.0,0.0,0.0,0.0
2822,0.0,0.0,0.0,0.0
2823,0.0,0.0003,0.0019,0.015
2824,0.0,0.0,0.0,0.0
2825,0.0,0.0398,0.0862,0.1304
2827,0.0,0.0,0.0,0.0006
2828,0.0,0.0,0.0,0.0
2829,0.0,0.0,0.0,0.0
2831,0.0,0.0,0.0,0.0
2832,0.0302,0.0418,0.0468,0.0535
2837,0.0,0.0,0.0,0.0
2838,0.0,0.0,0.0,0.0
2839,0.0,0.0,0.0,0.0
2842,0.0,0.0,0.0,0.0
2843,0.0,0.0,0.0,0.0
2844,0.0,0.0,0.0,0.0
2846,0.0,0.0,0.0,0.0
2847,0.0,0.0,0.0,0.0
2849,0.0,0.0,0.0,0.0
2850,0.0,0.0,0.0,0.0
2852,0.0,0.0,0.0,0.0
2853,0.1083,0.1257,0.1327,0.1467
2854,0.0,0.0,0.0002,0.0009
2855,0.0,0.0,0.0,0.0
2856,0.0,0.0,0.0,0.0
2857,0.0,0.0,0.0,0.0
2858,0.0,0.0,0.0,0.0
2859,0.0,0.0,0.0,0.0
2860,0.0,0.0,0.0,0.0
2877,0.0075,0.0119,0.0209,0.0239
2899,0.0,0.0,0.0,0.0
2908,0.0,0.0,0.0,0.0
2910,0.0,0.0,0.0,0.0
2911,0.0,0.0,0.0,0.0
2912,0.0,0.0,0.0,0.0
2913,0.0,0.0,0.0,0.0
2914,0.0,0.0,0.0,0.0
2916,0.0,0.0,0.0,0.0
2920,0.0,0.0,0.0,0.0
2921,0.0,0.0,0.0,0.0
2922,0.0,0.0,0.0,0.0
2923,0.0,0.0,0.0,0.0
2924,0.0,0.0,0.0,0.0
2925,0.0,0.0,0.0,0.0
2926,0.0,0.0,0.0,0.0
2927,0.0,0.0,0.0,0.0
2928,0.0,0.0,0.0,0.0
2929,0.0,0.0,0.0,0.0
2930,0.0,0.0,0.0,0.0
2932,0.0,0.0,0.0,0.0
2935,0.0,0.0,0.0,0.0
2937,0.0,0.0,0.0,0.0
2938,0.4322,0.8523,0.8905,0.9517
2939,0.0,0.0,0.0,0.0153
2940,0.0,0.0,0.0,0.0
2942,0.0,0.0,0.0,0.0
2943,0.0,0.0,0.0,0.0
2944,0.0,0.0,0.0,0.0
2945,0.0,0.0,0.0,0.0
2955,0.0,0.0,0.0,0.0
2957,0.0,0.0,0.0,0.0
2958,0.0,0.0,0.0,0.0
2959,0.0,0.0,0.0,0.0
2960,0.0,0.0,0.0,0.0
2961,0.0825,0.2474,0.3248,0.4175
2963,0.0,0.0,0.0,0.0
2965,0.0,0.0,0.0,0.0
2971,0.0,0.0,0.0,0.0
2974,0.0,0.0,0.0,0.0
2975,0.0,0.0,0.0,0.0
2976,0.0,0.0,0.0,0.0
2977,0.0,0.0,0.0,0.0
2978,0.0,0.0,0.0,0.0
2979,0.0,0.0,0.0,0.0
2980,0.0,0.0,0.0,0.0
2981,0.0,0.0347,0.1249,0.1804
2984,0.0,0.0,0.0,0.0
2988,0.0,0.0,0.0,0.0
2990,0.0,0.0,0.0,0.0
2993,0.0,0.0,0.0,0.0
2994,0.0,0.0226,0.049,0.0904
2995,0.0,0.0,0.0064,0.0194
2996,0.0,0.0,0.0,0.0
2997,0.0,0.0,0.0072,0.0282
3001,0.0,0.0,0.0,0.0
3002,0.0,0.0,0.0,0.0
3003,0.0,0.2788,0.7935,0.965
3004,0.0,0.0,0.0,0.0
3007,0.0,0.0,0.0,0.0
3008,0.0,0.0,0.0,0.0
3019,0.0,0.0,0.0,0.0
3020,0.0,0.0,0.0,0.0
3021,0.0809,1.0,1.0,1.0
3024,0.0,0.0,0.0,0.0
3031,0.0,0.0,0.0,0.0
3041,0.0,0.0,0.0,0.0
3049,0.0,0.0,0.0,0.0
3054,0.0,0.0,0.0,0.0
3055,0.2955,0.5613,0.6181,0.7557
3059,0.0,0.0,0.0,0.0
3060,0.1676,0.2189,0.2362,0.2724
3061,0.0,0.0,0.0,0.0
3062,0.3113,0.3804,0.429,0.5019
3063,0.1525,0.1944,0.2326,0.3005
3064,0.1604,0.2081,0.2241,0.268
3066,0.064,0.145,0.1613,0.1728
3067,0.0,0.0,0.0001,0.0034
3068,0.0334,0.0465,0.0518,0.0573
3069,0.0,0.0,0.0,0.0
3070,0.0,0.0,0.0,0.0
3071,0.0,0.0,0.0,0.0
3073,0.0741,0.0936,0.1038,0.1506
3074,0.0354,0.1151,0.1256,0.1367
3077,0.0,0.0,0.0,0.0
3078,0.0,0.1082,0.1917,0.3184
3079,0.0,0.0,0.0,0.0
3085,0.0,0.0,0.0,0.0
3086,0.0,0.0,0.0,0.0
3087,0.0,0.0,0.0,0.0
3088,0.003,0.0117,0.0165,0.0236
3091,0.0011,0.0413,0.056,0.0693
3092,0.0127,0.0848,0.1102,0.1399
3094,0.0084,0.0502,0.0627,0.1213
3095,0.0536,0.1071,0.1964,0.2786
3096,0.1616,0.2407,0.2648,0.2958
3098,0.2435,0.2896,0.3159,0.3521
3099,0.2674,0.312,0.3661,0.4203
3101,0.2452,0.3532,0.4612,0.5079
3102,0.2151,0.3991,0.4365,0.5019
3104,0.3404,0.4667,0.4777,0.5326
3105,0.1111,0.184,0.2606,0.3756
3107,0.0326,0.1467,0.2485,0.3463
3108,0.0,0.0,0.0,0.0
3109,0.0429,0.09,0.15,0.2828
3110,0.3039,0.5652,0.7326,0.8571
3111,0.0,0.0,0.0006,0.0028
3114,0.0,0.0,0.0,0.0
3117,0.0,0.0,0.0,0.0
3118,0.0,0.0,0.0,0.0
3122,0.606,0.7061,0.7535,0.8115
3123,0.4958,0.6544,0.747,0.8197
3124,0.0354,0.0578,0.0681,0.1203
3125,0.0543,0.0886,0.0944,0.1018
3126,0.0434,0.0648,0.0717,0.0783
3127,0.1572,0.1945,0.2085,0.2284
3128,0.0,0.0009,0.0183,0.0577
3129,0.0007,0.0104,0.0209,0.0298
3130,0.009,0.0404,0.0463,0.0568
3131,0.0357,0.0743,0.0803,0.0847
3132,0.0541,0.074,0.0768,0.0825
3133,0.0194,0.024,0.0286,0.0343
3134,0.0026,0.0291,0.0463,0.0675
3135,0.0113,0.0551,0.0805,0.096
3136,0.0068,0.0827,0.0976,0.1058
3137,0.0038,0.0638,0.1161,0.1391
3138,0.0,0.0,0.0,0.0
3141,0.0,0.0,0.0,0.0
3142,0.0,0.0,0.0,0.0
3143,0.0,0.0,0.0,0.0
3150,0.0,0.0,0.0,0.0
3151,0.0,0.0,0.0,0.0
3153,0.0083,0.0156,0.0226,0.03
3156,0.1753,0.2158,0.232,0.2535
3160,0.0003,0.019,0.0376,0.1103
3161,0.0,0.0,0.0,0.0
3162,0.0,0.0,0.0,0.0
3163,0.1913,0.2078,0.2164,0.2259
3167,0.0,0.0,0.0,0.0
3171,0.0319,0.0959,0.1152,0.134
3172,0.0046,0.025,0.0299,0.0391
3173,0.0,0.0,0.0,0.0
3174,0.0,0.0,0.0,0.0
3176,0.0013,0.0206,0.0443,0.0693
3177,0.0,0.0,0.0,0.0
3182,0.0,0.0,0.0,0.0
3188,0.2154,0.3555,0.4237,0.534
3196,0.0,0.0,0.0,0.0
3199,0.0,0.0002,0.0003,0.0052
3201,0.0,0.0,0.0,0.0
3203,0.1416,0.337,0.6286,0.7476
3212,0.0,0.0,0.0,0.0
3215,0.0,0.0,0.0,0.0
3216,0.0,0.0,0.0,0.0
3221,0.0,0.0,0.0,0.0016
